Route_Name,Route_Link,Bus_Name,Bus_Type,Departing_Time,Duration,Reaching_Time,Star_Rating,Price,Seat_Availability
Delhi to Shimla,https://www.redbus.in/bus-tickets/delhi-to-shimla,HRTC - 93,Himsuta AC Seater Volvo/Scania 2+2,19:35,09h 10m,04:45,4.0,INR 912,12 Seats available
Delhi to Shimla,https://www.redbus.in/bus-tickets/delhi-to-shimla,HRTC - 591,A/C Executive (2+3),21:00,10h 20m,07:20,3.7,INR 632,41 Seats available
Delhi to Shimla,https://www.redbus.in/bus-tickets/delhi-to-shimla,HRTC - 8,Himsuta AC Seater Volvo/Scania 2+2,21:02,09h 28m,06:30,4.7,INR 912,17 Seats available
Delhi to Shimla,https://www.redbus.in/bus-tickets/delhi-to-shimla,HRTC - 570,Ordinary 3+2 Non AC Seater,21:25,09h 20m,06:45,2.5,INR 512,37 Seats available
Delhi to Shimla,https://www.redbus.in/bus-tickets/delhi-to-shimla,,,,,,,,
Delhi to Shimla,https://www.redbus.in/bus-tickets/delhi-to-shimla,,,,,,,,
Delhi to Shimla,https://www.redbus.in/bus-tickets/delhi-to-shimla,,,,,,,,
Delhi to Shimla,https://www.redbus.in/bus-tickets/delhi-to-shimla,,,,,,,,
Delhi to Shimla,https://www.redbus.in/bus-tickets/delhi-to-shimla,,,,,,,,
Delhi to Shimla,https://www.redbus.in/bus-tickets/delhi-to-shimla,,,,,,,,
Hamirpur (Himachal Pradesh) to Chandigarh,https://www.redbus.in/bus-tickets/hamirpur-himachal-pradesh-to-chandigarh,HRTC - 15,Himsuta AC Seater Volvo/Scania 2+2,20:00,04h 10m,00:10,5.0,INR 545,8 Seats available
Hamirpur (Himachal Pradesh) to Chandigarh,https://www.redbus.in/bus-tickets/hamirpur-himachal-pradesh-to-chandigarh,HRTC - 622,Ordinary 3+2 Non AC Seater,21:15,05h 15m,02:30,3.3,INR 369,37 Seats available
Hamirpur (Himachal Pradesh) to Chandigarh,https://www.redbus.in/bus-tickets/hamirpur-himachal-pradesh-to-chandigarh,Laxmi holidays,Volvo A/C Semi Sleeper (2+2),20:20,04h 55m,01:15,4.6,569,15 Seats available
Hamirpur (Himachal Pradesh) to Chandigarh,https://www.redbus.in/bus-tickets/hamirpur-himachal-pradesh-to-chandigarh,Ram Dalal Holidays,,21:15,04h 05m,01:20,4.1,585,3 Seats available
Hamirpur (Himachal Pradesh) to Chandigarh,https://www.redbus.in/bus-tickets/hamirpur-himachal-pradesh-to-chandigarh,,,,,,,,
Hamirpur (Himachal Pradesh) to Chandigarh,https://www.redbus.in/bus-tickets/hamirpur-himachal-pradesh-to-chandigarh,,,,,,,,
Shimla to Delhi,https://www.redbus.in/bus-tickets/shimla-to-delhi,HRTC - 188,Ordinary 3+2 Non AC Seater,19:25,09h 32m,04:57,2.5,INR 512,37 Seats available
Shimla to Delhi,https://www.redbus.in/bus-tickets/shimla-to-delhi,HRTC - 2040093,Ordinary 3+2 Non AC Seater,19:40,09h 32m,05:12,3.0,INR 512,36 Seats available
Shimla to Delhi,https://www.redbus.in/bus-tickets/shimla-to-delhi,HRTC - 74,Himsuta AC Seater Volvo/Scania 2+2,20:00,09h 00m,05:00,4.2,INR 912,14 Seats available
Shimla to Delhi,https://www.redbus.in/bus-tickets/shimla-to-delhi,HRTC - 3,Himsuta AC Seater Volvo/Scania 2+2,21:00,09h 00m,06:00,4.6,INR 912,5 Seats available
Shimla to Delhi,https://www.redbus.in/bus-tickets/shimla-to-delhi,,,,,,,,
Shimla to Delhi,https://www.redbus.in/bus-tickets/shimla-to-delhi,,,,,,,,
Shimla to Delhi,https://www.redbus.in/bus-tickets/shimla-to-delhi,,,,,,,,
Shimla to Delhi,https://www.redbus.in/bus-tickets/shimla-to-delhi,,,,,,,,
Shimla to Delhi,https://www.redbus.in/bus-tickets/shimla-to-delhi,,,,,,,,
Shimla to Delhi,https://www.redbus.in/bus-tickets/shimla-to-delhi,,,,,,,,
Delhi to Chandigarh,https://www.redbus.in/bus-tickets/delhi-to-chandigarh,HRTC - 703,Himsuta AC Seater Volvo/Scania 2+2,19:00,04h 50m,23:50,3.8,INR 533,20 Seats available
Delhi to Chandigarh,https://www.redbus.in/bus-tickets/delhi-to-chandigarh,HRTC - 549,A/C Executive (2+3),19:25,05h 15m,00:40,4.3,INR 390,37 Seats available
Delhi to Chandigarh,https://www.redbus.in/bus-tickets/delhi-to-chandigarh,HRTC - 548,Ordinary 3+2 Non AC Seater,19:31,05h 09m,00:40,3.8,INR 290,26 Seats available
Delhi to Chandigarh,https://www.redbus.in/bus-tickets/delhi-to-chandigarh,HRTC - 545,Ordinary 3+2 Non AC Seater,19:32,04h 48m,00:20,5.0,INR 275,37 Seats available
Delhi to Chandigarh,https://www.redbus.in/bus-tickets/delhi-to-chandigarh,,,,,,,,
Delhi to Chandigarh,https://www.redbus.in/bus-tickets/delhi-to-chandigarh,,,,,,,,
Delhi to Chandigarh,https://www.redbus.in/bus-tickets/delhi-to-chandigarh,,,,,,,,
Delhi to Chandigarh,https://www.redbus.in/bus-tickets/delhi-to-chandigarh,,,,,,,,
Delhi to Chandigarh,https://www.redbus.in/bus-tickets/delhi-to-chandigarh,,,,,,,,
Delhi to Chandigarh,https://www.redbus.in/bus-tickets/delhi-to-chandigarh,,,,,,,,
Hamirpur (Himachal Pradesh) to Delhi,https://www.redbus.in/bus-tickets/hamirpur-himachal-pradesh-to-delhi,HRTC - 15,Himsuta AC Seater Volvo/Scania 2+2,20:00,08h 30m,04:30,3.6,INR 1068,31 Seats available
Hamirpur (Himachal Pradesh) to Delhi,https://www.redbus.in/bus-tickets/hamirpur-himachal-pradesh-to-delhi,HRTC - 99,Himsuta AC Seater Volvo/Scania 2+2,21:00,10h 00m,07:00,4.3,INR 1198,22 Seats available
Hamirpur (Himachal Pradesh) to Delhi,https://www.redbus.in/bus-tickets/hamirpur-himachal-pradesh-to-delhi,HRTC - 79,Himsuta AC Seater Volvo/Scania 2+2,21:30,09h 30m,07:00,3.9,INR 1178,28 Seats available
Hamirpur (Himachal Pradesh) to Delhi,https://www.redbus.in/bus-tickets/hamirpur-himachal-pradesh-to-delhi,Ram Dalal Holidays,,21:15,08h 00m,05:15,4.8,,
Hamirpur (Himachal Pradesh) to Delhi,https://www.redbus.in/bus-tickets/hamirpur-himachal-pradesh-to-delhi,,,,,,,,
Hamirpur (Himachal Pradesh) to Delhi,https://www.redbus.in/bus-tickets/hamirpur-himachal-pradesh-to-delhi,,,,,,,,
Hamirpur (Himachal Pradesh) to Delhi,https://www.redbus.in/bus-tickets/hamirpur-himachal-pradesh-to-delhi,,,,,,,,
Chamba (Himachal Pradesh) to Chandigarh,https://www.redbus.in/bus-tickets/chamba-himachal-pradesh-to-chandigarh,HRTC - 1007,Ordinary 3+2 Non AC Seater,19:00,10h 40m,05:40,4.4,INR 637,26 Seats available
Chamba (Himachal Pradesh) to Chandigarh,https://www.redbus.in/bus-tickets/chamba-himachal-pradesh-to-chandigarh,HRTC - 1028,A/C Executive (2+3),20:15,11h 00m,07:15,3.2,INR 673,28 Seats available
Delhi to Hamirpur (Himachal Pradesh),https://www.redbus.in/bus-tickets/delhi-to-hamirpur-himachal-pradesh,HRTC - 540,Ordinary 3+2 Non AC Seater,19:00,13h 00m,08:00,4.2,INR 731,33 Seats available
Delhi to Hamirpur (Himachal Pradesh),https://www.redbus.in/bus-tickets/delhi-to-hamirpur-himachal-pradesh,HRTC - 552,Himmani Deluxe 2+2 Non AC Seater,19:45,09h 15m,05:00,4.0,INR 633,19 Seats available
Delhi to Hamirpur (Himachal Pradesh),https://www.redbus.in/bus-tickets/delhi-to-hamirpur-himachal-pradesh,HRTC - 559,Ordinary 3+2 Non AC Seater,20:29,11h 36m,08:05,4.5,INR 643,32 Seats available
Delhi to Hamirpur (Himachal Pradesh),https://www.redbus.in/bus-tickets/delhi-to-hamirpur-himachal-pradesh,HRTC - 98,Himsuta AC Seater Volvo/Scania 2+2,20:42,09h 48m,06:30,4.4,INR 1203,24 Seats available
Delhi to Hamirpur (Himachal Pradesh),https://www.redbus.in/bus-tickets/delhi-to-hamirpur-himachal-pradesh,,,,,,,,
Delhi to Hamirpur (Himachal Pradesh),https://www.redbus.in/bus-tickets/delhi-to-hamirpur-himachal-pradesh,,,,,,,,
Delhi to Hamirpur (Himachal Pradesh),https://www.redbus.in/bus-tickets/delhi-to-hamirpur-himachal-pradesh,,,,,,,,
Delhi to Hamirpur (Himachal Pradesh),https://www.redbus.in/bus-tickets/delhi-to-hamirpur-himachal-pradesh,,,,,,,,
Delhi to Hamirpur (Himachal Pradesh),https://www.redbus.in/bus-tickets/delhi-to-hamirpur-himachal-pradesh,,,,,,,,
Delhi to Hamirpur (Himachal Pradesh),https://www.redbus.in/bus-tickets/delhi-to-hamirpur-himachal-pradesh,,,,,,,,
Chandigarh to Dharamshala (Himachal Pradesh),https://www.redbus.in/bus-tickets/chandigarh-to-dharamshala,HRTC - 573,Ordinary 3+2 Non AC Seater,19:40,06h 20m,02:00,2.0,INR 459,37 Seats available
Chandigarh to Dharamshala (Himachal Pradesh),https://www.redbus.in/bus-tickets/chandigarh-to-dharamshala,HRTC - 91,Himsuta AC Seater Volvo/Scania 2+2,22:10,06h 30m,04:40,4.2,INR 784,25 Seats available
Chandigarh to Dharamshala (Himachal Pradesh),https://www.redbus.in/bus-tickets/chandigarh-to-dharamshala,HRTC - 1213,Ordinary 3+2 Non AC Seater,22:47,07h 13m,06:00,3.8,INR 452,34 Seats available
Chandigarh to Dharamshala (Himachal Pradesh),https://www.redbus.in/bus-tickets/chandigarh-to-dharamshala,Laxmi holidays,Volvo 9600 A/C Semi Sleeper (2+2),23:55,06h 05m,06:00,4.6,569,15 Seats available
Chandigarh to Dharamshala (Himachal Pradesh),https://www.redbus.in/bus-tickets/chandigarh-to-dharamshala,,,,,,,,
Chandigarh to Dharamshala (Himachal Pradesh),https://www.redbus.in/bus-tickets/chandigarh-to-dharamshala,,,,,,,,
Chandigarh to Dharamshala (Himachal Pradesh),https://www.redbus.in/bus-tickets/chandigarh-to-dharamshala,,,,,,,,
Delhi to Chamba (Himachal Pradesh),https://www.redbus.in/bus-tickets/delhi-to-chamba-himachal-pradesh,HRTC - 590,A/C Executive (2+3),19:00,15h 15m,10:15,3.1,INR 1062,36 Seats available
Delhi to Chamba (Himachal Pradesh),https://www.redbus.in/bus-tickets/delhi-to-chamba-himachal-pradesh,HRTC - 84,Himsuta AC Seater Volvo/Scania 2+2,20:15,15h 15m,11:30,4.0,INR 1704,2 Seats available
Delhi to Chamba (Himachal Pradesh),https://www.redbus.in/bus-tickets/delhi-to-chamba-himachal-pradesh,HRTC - 578,Ordinary 3+2 Non AC Seater,22:10,20h 25m,18:35,1.9,INR 907,35 Seats available
Kangra to Chandigarh,https://www.redbus.in/bus-tickets/kangra-to-chandigarh,HRTC - 902,Ordinary 3+2 Non AC Seater,19:00,06h 25m,01:25,5.0,INR 390,37 Seats available
Kangra to Chandigarh,https://www.redbus.in/bus-tickets/kangra-to-chandigarh,HRTC - 1134,Himmani Deluxe 2+2 Non AC Seater,19:00,05h 40m,00:40,4.4,INR 428,27 Seats available
Kangra to Chandigarh,https://www.redbus.in/bus-tickets/kangra-to-chandigarh,HRTC - 25,Himsuta AC Seater Volvo/Scania 2+2,19:10,06h 05m,01:15,4.4,INR 762,14 Seats available
Kangra to Chandigarh,https://www.redbus.in/bus-tickets/kangra-to-chandigarh,HRTC - 951,Ordinary 3+2 Non AC Seater,19:25,05h 20m,00:45,4.3,INR 390,37 Seats available
Kangra to Chandigarh,https://www.redbus.in/bus-tickets/kangra-to-chandigarh,HRTC - 904,Himmani Deluxe 2+2 Non AC Seater,19:35,05h 55m,01:30,3.6,INR 433,25 Seats available
Kangra to Chandigarh,https://www.redbus.in/bus-tickets/kangra-to-chandigarh,HRTC - 925,A/C Executive (2+3),19:55,06h 05m,02:00,2.0,INR 450,41 Seats available
Kangra to Chandigarh,https://www.redbus.in/bus-tickets/kangra-to-chandigarh,HRTC - 43,Himsuta AC Seater Volvo/Scania 2+2,20:15,05h 00m,01:15,1.2,INR 748,12 Seats available
Kangra to Chandigarh,https://www.redbus.in/bus-tickets/kangra-to-chandigarh,HRTC - 13,Himsuta AC Seater Volvo/Scania 2+2,20:40,05h 35m,02:15,1.0,INR 743,32 Seats available
Kangra to Chandigarh,https://www.redbus.in/bus-tickets/kangra-to-chandigarh,HRTC - 905,Ordinary 3+2 Non AC Seater,21:00,05h 30m,02:30,3.8,INR 410,37 Seats available
Kangra to Chandigarh,https://www.redbus.in/bus-tickets/kangra-to-chandigarh,HRTC - 1152,Ordinary 3+2 Non AC Seater,21:30,05h 30m,03:00,2.9,INR 390,24 Seats available
Kangra to Chandigarh,https://www.redbus.in/bus-tickets/kangra-to-chandigarh,HRTC - 1103,A/C Executive (2+3),21:55,05h 05m,03:00,5.0,INR 425,41 Seats available
Kangra to Chandigarh,https://www.redbus.in/bus-tickets/kangra-to-chandigarh,HRTC - 927,Ordinary 3+2 Non AC Seater,22:05,06h 10m,04:15,4.7,INR 402,37 Seats available
Kangra to Chandigarh,https://www.redbus.in/bus-tickets/kangra-to-chandigarh,HRTC - 1116,A/C Executive (2+3),22:35,05h 30m,04:05,4.4,INR 460,34 Seats available
Kangra to Chandigarh,https://www.redbus.in/bus-tickets/kangra-to-chandigarh,FlixBus,Volvo A/C Seater (2+2),18:40,06h 30m,01:10,5.0,INR 497.32,16 Seats available
Kangra to Chandigarh,https://www.redbus.in/bus-tickets/kangra-to-chandigarh,Laxmi holidays,Volvo 9600 A/C Semi Sleeper (2+2),19:10,05h 50m,01:00,4.7,INR 499,9 Seats available
Kangra to Chandigarh,https://www.redbus.in/bus-tickets/kangra-to-chandigarh,Laxmi holidays,VE A/C Semi Sleeper (2+2),19:35,04h 20m,23:55,4.1,475,19 Seats available
Kangra to Chandigarh,https://www.redbus.in/bus-tickets/kangra-to-chandigarh,Bedi Travels,Volvo 9600 Multi Axle Semi-Sleeper (2+2),19:45,05h 15m,01:00,5.0,675,1 Seat available
Kangra to Chandigarh,https://www.redbus.in/bus-tickets/kangra-to-chandigarh,Raghukul Holidays,Volvo A/C Semi Sleeper (2+2),20:00,04h 50m,00:50,4.3,629,14 Seats available
Kangra to Chandigarh,https://www.redbus.in/bus-tickets/kangra-to-chandigarh,Ram Dalal Holidays,Volvo 9600 Multi Axle Semi-Sleeper (2+2),21:10,04h 40m,01:50,4.9,612,11 Seats available
Kangra to Chandigarh,https://www.redbus.in/bus-tickets/kangra-to-chandigarh,A N Holidays,Bharat Benz A/C Semi Sleeper (2+2),20:10,03h 49m,23:59,3.0,674,18 Seats available
Kangra to Chandigarh,https://www.redbus.in/bus-tickets/kangra-to-chandigarh,New Himalaya Travels,Volvo A/C Semi Sleeper (2+2),20:10,05h 05m,01:15,3.4,INR 600,3 Seats available
Kangra to Chandigarh,https://www.redbus.in/bus-tickets/kangra-to-chandigarh,Bedi Travels,Volvo 9600 A/C Semi Sleeper (2+2),22:15,04h 30m,02:45,4.3,630,3 Seats available
Kangra to Chandigarh,https://www.redbus.in/bus-tickets/kangra-to-chandigarh,BIR BILLING TRAVELS,Volvo A/C Semi Sleeper (2+2),20:30,04h 30m,01:00,3.9,540,10 Seats available
Kangra to Chandigarh,https://www.redbus.in/bus-tickets/kangra-to-chandigarh,Laxmi holidays,Scania Multi-Axle AC Semi Sleeper (2+2),20:30,05h 20m,01:50,4.7,INR 499,11 Seats available
Kangra to Chandigarh,https://www.redbus.in/bus-tickets/kangra-to-chandigarh,Bedi Travels,Volvo 9600 A/C Semi Sleeper (2+2),20:30,05h 15m,01:45,5.0,666,3 Seats available
Kangra to Chandigarh,https://www.redbus.in/bus-tickets/kangra-to-chandigarh,Zingbus Plus,Volvo A/C Semi Sleeper (2+2),20:10,04h 55m,01:05,4.9,596,22 Seats available
Kangra to Chandigarh,https://www.redbus.in/bus-tickets/kangra-to-chandigarh,FlixBus,Volvo A/C Seater (2+2),20:40,06h 30m,03:10,4.8,INR 597.32,15 Seats available
Kangra to Chandigarh,https://www.redbus.in/bus-tickets/kangra-to-chandigarh,Laxmi holidays,Volvo Multi-Axle A/C Semi Sleeper (2+2),20:45,05h 15m,02:00,4.5,INR 499,12 Seats available
Kangra to Chandigarh,https://www.redbus.in/bus-tickets/kangra-to-chandigarh,Ram Dalal Holidays,Volvo 9600 A/C Semi Sleeper (2+2),20:35,04h 40m,01:15,5.0,738,9 Seats available
Kangra to Chandigarh,https://www.redbus.in/bus-tickets/kangra-to-chandigarh,New Himalaya Travels,Volvo A/C Semi Sleeper (2+2),20:45,04h 45m,01:30,4.4,INR 600,5 Seats available
Kangra to Chandigarh,https://www.redbus.in/bus-tickets/kangra-to-chandigarh,FlixBus,Volvo A/C Seater (2+2),21:20,05h 35m,02:55,5.0,INR 739.29,10 Seats available
Kangra to Chandigarh,https://www.redbus.in/bus-tickets/kangra-to-chandigarh,Triptara tour & Travel,Scania Multi-Axle AC Semi Sleeper (2+2),21:28,04h 22m,01:50,3.0,565,15 Seats available
Kangra to Chandigarh,https://www.redbus.in/bus-tickets/kangra-to-chandigarh,Laxmi holidays,Volvo 9600 A/C Semi Sleeper (2+2),21:45,04h 50m,02:35,5.0,569,15 Seats available
Kangra to Chandigarh,https://www.redbus.in/bus-tickets/kangra-to-chandigarh,Laxmi holidays,Volvo A/C Semi Sleeper (2+2),22:00,04h 50m,02:50,3.6,617,18 Seats available
Kangra to Chandigarh,https://www.redbus.in/bus-tickets/kangra-to-chandigarh,Bharmani Travels,Volvo A/C Semi Sleeper (2+2),22:00,04h 30m,02:30,4.1,719,4 Seats available
Kangra to Chandigarh,https://www.redbus.in/bus-tickets/kangra-to-chandigarh,Zingbus Plus,Volvo Multi-Axle A/C Semisleeper (2+2),22:15,04h 25m,02:40,4.5,640,18 Seats available
Kangra to Chandigarh,https://www.redbus.in/bus-tickets/kangra-to-chandigarh,Laxmi holidays,Volvo 9600 A/C Semi Sleeper (2+2),22:30,04h 50m,03:20,4.8,569,23 Seats available
Kangra to Chandigarh,https://www.redbus.in/bus-tickets/kangra-to-chandigarh,Northern Travels,Volvo A/C Semi Sleeper (2+2),19:45,05h 15m,01:00,2.8,INR 589,6 Seats available
Shimla to Chandigarh,https://www.redbus.in/bus-tickets/shimla-to-chandigarh,HRTC - 210,Ordinary 3+2 Non AC Seater,19:20,03h 00m,22:20,3.8,INR 242,37 Seats available
Shimla to Chandigarh,https://www.redbus.in/bus-tickets/shimla-to-chandigarh,HRTC - 188,Ordinary 3+2 Non AC Seater,19:25,03h 01m,22:26,5.0,INR 242,35 Seats available
Shimla to Chandigarh,https://www.redbus.in/bus-tickets/shimla-to-chandigarh,HRTC - 153,Himsuta AC Seater Volvo/Scania 2+2,19:30,04h 00m,23:30,5.0,INR 389,22 Seats available
Shimla to Chandigarh,https://www.redbus.in/bus-tickets/shimla-to-chandigarh,HRTC - 2040093,Ordinary 3+2 Non AC Seater,19:40,04h 35m,00:15,3.8,INR 242,35 Seats available
Shimla to Chandigarh,https://www.redbus.in/bus-tickets/shimla-to-chandigarh,HRTC - 1711,Ordinary 3+2 Non AC Seater,20:00,03h 00m,23:00,3.8,INR 242,36 Seats available
Shimla to Chandigarh,https://www.redbus.in/bus-tickets/shimla-to-chandigarh,HRTC - 74,Himsuta AC Seater Volvo/Scania 2+2,20:00,03h 00m,23:00,3.8,INR 389,15 Seats available
Shimla to Chandigarh,https://www.redbus.in/bus-tickets/shimla-to-chandigarh,HRTC - 139,Ordinary 3+2 Non AC Seater,20:05,04h 10m,00:15,3.8,INR 242,37 Seats available
Shimla to Chandigarh,https://www.redbus.in/bus-tickets/shimla-to-chandigarh,HRTC - 230,A/C Executive (2+3),20:20,04h 40m,01:00,1.0,INR 257,44 Seats available
Shimla to Chandigarh,https://www.redbus.in/bus-tickets/shimla-to-chandigarh,HRTC - 229,Ordinary 3+2 Non AC Seater,20:40,03h 01m,23:41,1.0,INR 242,37 Seats available
Shimla to Chandigarh,https://www.redbus.in/bus-tickets/shimla-to-chandigarh,HRTC - 3,Himsuta AC Seater Volvo/Scania 2+2,21:00,03h 40m,00:40,4.9,INR 389,28 Seats available
Shimla to Chandigarh,https://www.redbus.in/bus-tickets/shimla-to-chandigarh,HRTC - 108,A/C Executive (2+3),21:20,03h 01m,00:21,3.1,INR 257,44 Seats available
Shimla to Chandigarh,https://www.redbus.in/bus-tickets/shimla-to-chandigarh,HRTC - 1712,Ordinary 3+2 Non AC Seater,21:30,03h 30m,01:00,1.0,INR 242,26 Seats available
Shimla to Chandigarh,https://www.redbus.in/bus-tickets/shimla-to-chandigarh,HRTC - 19,Himsuta AC Seater Volvo/Scania 2+2,21:30,03h 45m,01:15,4.3,INR 389,34 Seats available
Shimla to Chandigarh,https://www.redbus.in/bus-tickets/shimla-to-chandigarh,HRTC - 130,Ordinary 3+2 Non AC Seater,21:45,03h 45m,01:30,5.0,INR 242,34 Seats available
Shimla to Chandigarh,https://www.redbus.in/bus-tickets/shimla-to-chandigarh,HRTC - 179,Ordinary 3+2 Non AC Seater,22:00,03h 45m,01:45,3.8,INR 242,26 Seats available
Shimla to Chandigarh,https://www.redbus.in/bus-tickets/shimla-to-chandigarh,HRTC - 35,Himsuta AC Seater Volvo/Scania 2+2,22:00,03h 10m,01:10,5.0,INR 389,8 Seats available
Shimla to Chandigarh,https://www.redbus.in/bus-tickets/shimla-to-chandigarh,HRTC - 136,Ordinary 3+2 Non AC Seater,22:30,03h 40m,02:10,3.8,INR 242,27 Seats available
Shimla to Chandigarh,https://www.redbus.in/bus-tickets/shimla-to-chandigarh,HRTC - 92,Himsuta AC Seater Volvo/Scania 2+2,22:30,03h 00m,01:30,3.6,INR 389,29 Seats available
Shimla to Chandigarh,https://www.redbus.in/bus-tickets/shimla-to-chandigarh,HRTC - 1710,Ordinary 3+2 Non AC Seater,22:40,03h 40m,02:20,1.0,INR 242,36 Seats available
Shimla to Chandigarh,https://www.redbus.in/bus-tickets/shimla-to-chandigarh,Zingbus Plus,Bharat Benz A/C Semi Sleeper (2+2),20:30,03h 15m,23:45,4.8,492,17 Seats available
Shimla to Chandigarh,https://www.redbus.in/bus-tickets/shimla-to-chandigarh,Laxmi holidays,Scania Multi-Axle AC Semi Sleeper (2+2),20:30,03h 05m,23:35,4.6,INR 399,32 Seats available
Shimla to Chandigarh,https://www.redbus.in/bus-tickets/shimla-to-chandigarh,Laxmi holidays,Scania Multi-Axle AC Semi Sleeper (2+2),20:30,02h 30m,23:00,4.8,INR 399,32 Seats available
Shimla to Chandigarh,https://www.redbus.in/bus-tickets/shimla-to-chandigarh,Zingbus Plus,Bharat Benz A/C Semi Sleeper (2+2),20:30,02h 50m,23:20,5.0,416,17 Seats available
Shimla to Chandigarh,https://www.redbus.in/bus-tickets/shimla-to-chandigarh,FlixBus,Volvo A/C Seater (2+2),21:00,04h 25m,01:25,3.9,INR 125.89,14 Seats available
Shimla to Chandigarh,https://www.redbus.in/bus-tickets/shimla-to-chandigarh,Bedi Travels,Volvo A/C Semi Sleeper (2+2),21:30,03h 25m,00:55,4.4,495,11 Seats available
Shimla to Chandigarh,https://www.redbus.in/bus-tickets/shimla-to-chandigarh,Ram Dalal Holidays,Mercedes Multi-Axle Semi Sleeper (2+2),22:00,03h 45m,01:45,4.5,738,11 Seats available
Shimla to Chandigarh,https://www.redbus.in/bus-tickets/shimla-to-chandigarh,City Land Travels,Volvo A/C Semi Sleeper (2+2),22:00,02h 50m,00:50,3.8,INR 500,19 Seats available
Shimla to Chandigarh,https://www.redbus.in/bus-tickets/shimla-to-chandigarh,City Land Travels,Volvo A/C Semi Sleeper (2+2),22:00,03h 00m,01:00,2.7,INR 500,19 Seats available
Delhi to Solan,https://www.redbus.in/bus-tickets/delhi-to-solan,HRTC - 93,Himsuta AC Seater Volvo/Scania 2+2,19:35,08h 10m,03:45,4.9,INR 741,12 Seats available
Delhi to Solan,https://www.redbus.in/bus-tickets/delhi-to-solan,HRTC - 591,A/C Executive (2+3),21:00,08h 50m,05:50,4.3,INR 529,41 Seats available
Delhi to Solan,https://www.redbus.in/bus-tickets/delhi-to-solan,HRTC - 8,Himsuta AC Seater Volvo/Scania 2+2,21:02,07h 38m,04:40,4.7,INR 741,33 Seats available
Delhi to Solan,https://www.redbus.in/bus-tickets/delhi-to-solan,HRTC - 20,Himsuta AC Seater Volvo/Scania 2+2,21:36,06h 34m,04:10,2.9,INR 716,28 Seats available
Delhi to Solan,https://www.redbus.in/bus-tickets/delhi-to-solan,HRTC - 9,Himsuta AC Seater Volvo/Scania 2+2,22:00,08h 00m,06:00,3.9,INR 741,34 Seats available
Delhi to Solan,https://www.redbus.in/bus-tickets/delhi-to-solan,HRTC - 36,Himsuta AC Seater Volvo/Scania 2+2,22:30,06h 40m,05:10,3.6,INR 716,34 Seats available
Delhi to Solan,https://www.redbus.in/bus-tickets/delhi-to-solan,HRTC - 22,Himsuta AC Seater Volvo/Scania 2+2,23:00,07h 50m,06:50,4.5,INR 741,34 Seats available
Delhi to Solan,https://www.redbus.in/bus-tickets/delhi-to-solan,HRTC - 564,Ordinary 3+2 Non AC Seater,23:40,08h 00m,07:40,2.9,INR 409,37 Seats available
Delhi to Solan,https://www.redbus.in/bus-tickets/delhi-to-solan,Bedi Travels,Volvo A/C Semi Sleeper (2+2),23:00,07h 45m,06:45,4.8,477,20 Seats available
Delhi to Solan,https://www.redbus.in/bus-tickets/delhi-to-solan,Zingbus Plus,Bharat Benz A/C Semi Sleeper (2+2),22:35,07h 45m,06:20,4.8,482,14 Seats available
Delhi to Solan,https://www.redbus.in/bus-tickets/delhi-to-solan,Laxmi holidays,Volvo A/C Semi Sleeper (2+2),23:25,07h 15m,06:40,4.6,INR 449,20 Seats available
Delhi to Solan,https://www.redbus.in/bus-tickets/delhi-to-solan,Ram Dalal Holidays,Mercedes Multi-Axle Semi Sleeper (2+2),23:30,07h 00m,06:30,4.6,495,13 Seats available
Delhi to Solan,https://www.redbus.in/bus-tickets/delhi-to-solan,Laxmi holidays,Scania Multi-Axle AC Semi Sleeper (2+2),23:30,07h 00m,06:30,4.2,INR 450,34 Seats available
Delhi to Solan,https://www.redbus.in/bus-tickets/delhi-to-solan,FlixBus,Volvo A/C Seater (2+2),23:55,07h 20m,07:15,4.3,INR 605.36,8 Seats available
Delhi to Nalagarh,https://www.redbus.in/bus-tickets/delhi-to-nalagarh,HRTC - 568,Ordinary 3+2 Non AC Seater,21:30,07h 30m,05:00,3.7,INR 347,36 Seats available
Delhi to Nalagarh,https://www.redbus.in/bus-tickets/delhi-to-nalagarh,HRTC - 580,Ordinary 3+2 Non AC Seater,22:45,07h 15m,06:00,3.8,INR 347,34 Seats available
Delhi to Nalagarh,https://www.redbus.in/bus-tickets/delhi-to-nalagarh,HRTC - 576,Himsuta AC Seater Volvo/Scania 2+2,23:20,06h 40m,06:00,3.8,INR 657,27 Seats available
Dharamshala (Himachal Pradesh) to Chandigarh,https://www.redbus.in/bus-tickets/dharamshala-to-chandigarh,HRTC - 43,Himsuta AC Seater Volvo/Scania 2+2,19:00,06h 15m,01:15,4.7,INR 852,27 Seats available
Dharamshala (Himachal Pradesh) to Chandigarh,https://www.redbus.in/bus-tickets/dharamshala-to-chandigarh,HRTC - 904,Himmani Deluxe 2+2 Non AC Seater,19:00,06h 30m,01:30,3.8,INR 478,24 Seats available
Dharamshala (Himachal Pradesh) to Chandigarh,https://www.redbus.in/bus-tickets/dharamshala-to-chandigarh,HRTC - 13,Himsuta AC Seater Volvo/Scania 2+2,19:05,07h 10m,02:15,3.8,INR 847,12 Seats available
Dharamshala (Himachal Pradesh) to Chandigarh,https://www.redbus.in/bus-tickets/dharamshala-to-chandigarh,HRTC - 43,Himsuta AC Seater Volvo/Scania 2+2,19:35,05h 40m,01:15,4.0,INR 816,33 Seats available
Dharamshala (Himachal Pradesh) to Chandigarh,https://www.redbus.in/bus-tickets/dharamshala-to-chandigarh,HRTC - 905,Ordinary 3+2 Non AC Seater,19:35,06h 55m,02:30,3.8,INR 474,37 Seats available
Dharamshala (Himachal Pradesh) to Chandigarh,https://www.redbus.in/bus-tickets/dharamshala-to-chandigarh,HRTC - 927,Ordinary 3+2 Non AC Seater,20:00,08h 15m,04:15,1.0,INR 486,37 Seats available
Dharamshala (Himachal Pradesh) to Chandigarh,https://www.redbus.in/bus-tickets/dharamshala-to-chandigarh,HRTC - 13,Himsuta AC Seater Volvo/Scania 2+2,20:05,06h 10m,02:15,4.8,INR 811,12 Seats available
Dharamshala (Himachal Pradesh) to Chandigarh,https://www.redbus.in/bus-tickets/dharamshala-to-chandigarh,HRTC - 905,Ordinary 3+2 Non AC Seater,20:15,06h 15m,02:30,4.0,INR 452,37 Seats available
Dharamshala (Himachal Pradesh) to Chandigarh,https://www.redbus.in/bus-tickets/dharamshala-to-chandigarh,HRTC - 927,Ordinary 3+2 Non AC Seater,21:00,07h 15m,04:15,4.6,INR 464,32 Seats available
Dharamshala (Himachal Pradesh) to Chandigarh,https://www.redbus.in/bus-tickets/dharamshala-to-chandigarh,FlixBus,Volvo A/C Seater (2+2),18:00,07h 10m,01:10,4.4,INR 562.5,16 Seats available
Dharamshala (Himachal Pradesh) to Chandigarh,https://www.redbus.in/bus-tickets/dharamshala-to-chandigarh,Laxmi holidays,Volvo 9600 A/C Semi Sleeper (2+2),18:25,06h 35m,01:00,4.7,INR 499,6 Seats available
Dharamshala (Himachal Pradesh) to Chandigarh,https://www.redbus.in/bus-tickets/dharamshala-to-chandigarh,Laxmi holidays,Volvo 9600 A/C Semi Sleeper (2+2),18:30,06h 30m,01:00,4.4,INR 499,18 Seats available
Dharamshala (Himachal Pradesh) to Chandigarh,https://www.redbus.in/bus-tickets/dharamshala-to-chandigarh,Bedi Travels,Volvo 9600 Multi Axle Semi-Sleeper (2+2),18:45,06h 15m,01:00,4.9,675,1 Seat available
Dharamshala (Himachal Pradesh) to Chandigarh,https://www.redbus.in/bus-tickets/dharamshala-to-chandigarh,Raghukul Holidays,Volvo A/C Semi Sleeper (2+2),19:00,05h 50m,00:50,4.8,629,14 Seats available
Dharamshala (Himachal Pradesh) to Chandigarh,https://www.redbus.in/bus-tickets/dharamshala-to-chandigarh,Laxmi holidays,VE A/C Semi Sleeper (2+2),19:00,04h 55m,23:55,4.3,475,19 Seats available
Dharamshala (Himachal Pradesh) to Chandigarh,https://www.redbus.in/bus-tickets/dharamshala-to-chandigarh,Bedi Travels,Volvo 9600 A/C Semi Sleeper (2+2),21:15,05h 30m,02:45,4.8,630,3 Seats available
Dharamshala (Himachal Pradesh) to Chandigarh,https://www.redbus.in/bus-tickets/dharamshala-to-chandigarh,Zingbus Plus,Volvo A/C Semi Sleeper (2+2),19:35,05h 30m,01:05,4.7,559,15 Seats available
Dharamshala (Himachal Pradesh) to Chandigarh,https://www.redbus.in/bus-tickets/dharamshala-to-chandigarh,New Himalaya Travels,Volvo A/C Semi Sleeper (2+2),19:30,05h 45m,01:15,4.3,INR 600,3 Seats available
Dharamshala (Himachal Pradesh) to Chandigarh,https://www.redbus.in/bus-tickets/dharamshala-to-chandigarh,Bedi Travels,Volvo 9600 A/C Semi Sleeper (2+2),21:00,05h 45m,02:45,4.9,630,3 Seats available
Dharamshala (Himachal Pradesh) to Chandigarh,https://www.redbus.in/bus-tickets/dharamshala-to-chandigarh,Bedi Travels,Volvo 9600 Multi Axle Semi-Sleeper (2+2),19:00,06h 00m,01:00,4.6,675,1 Seat available
Dharamshala (Himachal Pradesh) to Chandigarh,https://www.redbus.in/bus-tickets/dharamshala-to-chandigarh,Ram Dalal Holidays,Volvo 9600 Multi Axle Semi-Sleeper (2+2),20:30,05h 20m,01:50,4.8,612,7 Seats available
Dharamshala (Himachal Pradesh) to Chandigarh,https://www.redbus.in/bus-tickets/dharamshala-to-chandigarh,New Himalaya Travels,Volvo A/C Semi Sleeper (2+2),19:35,05h 40m,01:15,4.5,INR 600,3 Seats available
Dharamshala (Himachal Pradesh) to Chandigarh,https://www.redbus.in/bus-tickets/dharamshala-to-chandigarh,Laxmi holidays,Volvo Multi-Axle A/C Semi Sleeper (2+2),19:55,06h 05m,02:00,4.7,INR 499,12 Seats available
Dharamshala (Himachal Pradesh) to Chandigarh,https://www.redbus.in/bus-tickets/dharamshala-to-chandigarh,Zingbus Plus,Volvo Multi-Axle A/C Semisleeper (2+2),21:45,04h 55m,02:40,4.6,578,16 Seats available
Dharamshala (Himachal Pradesh) to Chandigarh,https://www.redbus.in/bus-tickets/dharamshala-to-chandigarh,Zingbus Plus,Volvo A/C Semi Sleeper (2+2),19:30,05h 35m,01:05,4.7,619,22 Seats available
Dharamshala (Himachal Pradesh) to Chandigarh,https://www.redbus.in/bus-tickets/dharamshala-to-chandigarh,FlixBus,Volvo A/C Seater (2+2),20:00,07h 10m,03:10,4.4,INR 860.71,9 Seats available
Dharamshala (Himachal Pradesh) to Chandigarh,https://www.redbus.in/bus-tickets/dharamshala-to-chandigarh,Laxmi holidays,Volvo Multi-Axle A/C Semi Sleeper (2+2),20:00,06h 00m,02:00,5.0,INR 499,9 Seats available
Dharamshala (Himachal Pradesh) to Chandigarh,https://www.redbus.in/bus-tickets/dharamshala-to-chandigarh,Zingbus Plus,Volvo Multi-Axle A/C Semisleeper (2+2),21:40,05h 00m,02:40,4.4,614,18 Seats available
Dharamshala (Himachal Pradesh) to Chandigarh,https://www.redbus.in/bus-tickets/dharamshala-to-chandigarh,Ram Dalal Holidays,Volvo 9600 Multi Axle Semi-Sleeper (2+2),20:38,05h 12m,01:50,5.0,612,7 Seats available
Dharamshala (Himachal Pradesh) to Chandigarh,https://www.redbus.in/bus-tickets/dharamshala-to-chandigarh,Laxmi holidays,Volvo 9600 A/C Semi Sleeper (2+2),20:55,05h 40m,02:35,4.5,569,20 Seats available
Dharamshala (Himachal Pradesh) to Chandigarh,https://www.redbus.in/bus-tickets/dharamshala-to-chandigarh,Triptara tour & Travel,Scania Multi-Axle AC Semi Sleeper (2+2),19:58,05h 52m,01:50,5.0,565,15 Seats available
Dharamshala (Himachal Pradesh) to Chandigarh,https://www.redbus.in/bus-tickets/dharamshala-to-chandigarh,Laxmi holidays,Volvo 9600 A/C Semi Sleeper (2+2),21:00,05h 35m,02:35,4.8,569,13 Seats available
Dharamshala (Himachal Pradesh) to Chandigarh,https://www.redbus.in/bus-tickets/dharamshala-to-chandigarh,Triptara tour & Travel,Scania Multi-Axle AC Semi Sleeper (2+2),20:38,05h 12m,01:50,2.0,565,15 Seats available
Dharamshala (Himachal Pradesh) to Chandigarh,https://www.redbus.in/bus-tickets/dharamshala-to-chandigarh,A N Holidays,Bharat Benz A/C Semi Sleeper (2+2),19:30,04h 29m,23:59,4.3,674,18 Seats available
Dharamshala (Himachal Pradesh) to Chandigarh,https://www.redbus.in/bus-tickets/dharamshala-to-chandigarh,Laxmi holidays,Volvo 9600 A/C Semi Sleeper (2+2),21:45,05h 35m,03:20,4.8,569,15 Seats available
Dharamshala (Himachal Pradesh) to Chandigarh,https://www.redbus.in/bus-tickets/dharamshala-to-chandigarh,Laxmi holidays,Volvo 9600 A/C Semi Sleeper (2+2),21:50,05h 30m,03:20,4.8,569,16 Seats available
Dharamshala (Himachal Pradesh) to Chandigarh,https://www.redbus.in/bus-tickets/dharamshala-to-chandigarh,Raghukul Holidays,Volvo A/C Semi Sleeper (2+2),19:05,05h 45m,00:50,5.0,629,14 Seats available
Dharamshala (Himachal Pradesh) to Chandigarh,https://www.redbus.in/bus-tickets/dharamshala-to-chandigarh,A N Holidays,Bharat Benz A/C Semi Sleeper (2+2),19:00,04h 59m,23:59,1.0,674,18 Seats available
Palampur to Chandigarh,https://www.redbus.in/bus-tickets/palampur-to-chandigarh,HRTC - 1152,Ordinary 3+2 Non AC Seater,20:00,07h 00m,03:00,4.4,INR 482,37 Seats available
Palampur to Chandigarh,https://www.redbus.in/bus-tickets/palampur-to-chandigarh,HRTC - 1103,A/C Executive (2+3),20:40,06h 20m,03:00,2.7,INR 511,39 Seats available
Palampur to Chandigarh,https://www.redbus.in/bus-tickets/palampur-to-chandigarh,HRTC - 1116,A/C Executive (2+3),21:35,06h 30m,04:05,3.2,INR 545,34 Seats available
Palampur to Chandigarh,https://www.redbus.in/bus-tickets/palampur-to-chandigarh,Laxmi holidays,Volvo A/C Semi Sleeper (2+2),18:15,07h 00m,01:15,4.7,569,10 Seats available
Palampur to Chandigarh,https://www.redbus.in/bus-tickets/palampur-to-chandigarh,Ram Dalal Holidays,Volvo A/C Semi Sleeper (2+2),18:40,06h 40m,01:20,4.4,585,3 Seats available
Palampur to Chandigarh,https://www.redbus.in/bus-tickets/palampur-to-chandigarh,Northern Travels,Volvo A/C Semi Sleeper (2+2),18:45,06h 15m,01:00,4.0,INR 589,6 Seats available
Palampur to Chandigarh,https://www.redbus.in/bus-tickets/palampur-to-chandigarh,Bedi Travels,Volvo 9600 A/C Semi Sleeper (2+2),19:05,06h 40m,01:45,4.5,666,3 Seats available
Palampur to Chandigarh,https://www.redbus.in/bus-tickets/palampur-to-chandigarh,Ram Dalal Holidays,Volvo 9600 A/C Semi Sleeper (2+2),19:15,06h 00m,01:15,4.6,738,9 Seats available
Palampur to Chandigarh,https://www.redbus.in/bus-tickets/palampur-to-chandigarh,Laxmi holidays,Scania Multi-Axle AC Semi Sleeper (2+2),19:20,06h 30m,01:50,4.5,INR 499,11 Seats available
Palampur to Chandigarh,https://www.redbus.in/bus-tickets/palampur-to-chandigarh,New Himalaya Travels,Volvo A/C Semi Sleeper (2+2),19:35,05h 55m,01:30,4.9,INR 600,5 Seats available
Palampur to Chandigarh,https://www.redbus.in/bus-tickets/palampur-to-chandigarh,Bedi Travels,Volvo A/C Semi Sleeper (2+2),19:45,06h 20m,02:05,5.0,630,6 Seats available
Palampur to Chandigarh,https://www.redbus.in/bus-tickets/palampur-to-chandigarh,FlixBus,Volvo A/C Seater (2+2),20:15,06h 40m,02:55,4.6,INR 716.96,11 Seats available
Palampur to Chandigarh,https://www.redbus.in/bus-tickets/palampur-to-chandigarh,Bharmani Travels,Volvo A/C Semi Sleeper (2+2),21:10,05h 20m,02:30,4.5,719,4 Seats available
Palampur to Chandigarh,https://www.redbus.in/bus-tickets/palampur-to-chandigarh,Ram Dalal Holidays,Volvo A/C Semi Sleeper (2+2),20:05,07h 05m,03:10,4.5,693,2 Seats available
Palampur to Chandigarh,https://www.redbus.in/bus-tickets/palampur-to-chandigarh,Laxmi holidays,Volvo A/C Semi Sleeper (2+2),20:50,06h 00m,02:50,4.3,617,18 Seats available
Palampur to Chandigarh,https://www.redbus.in/bus-tickets/palampur-to-chandigarh,BIR BILLING TRAVELS,Volvo A/C Semi Sleeper (2+2),19:30,05h 30m,01:00,1.0,540,10 Seats available
Ghumarwin to Delhi,https://www.redbus.in/bus-tickets/ghumarwin-to-delhi,HRTC - 763,Ordinary 3+2 Non AC Seater,19:40,08h 20m,04:00,4.0,INR 488,37 Seats available
Ghumarwin to Delhi,https://www.redbus.in/bus-tickets/ghumarwin-to-delhi,HRTC - 700,Himsuta AC Seater Volvo/Scania 2+2,20:00,08h 30m,04:30,4.3,INR 982,24 Seats available
Ghumarwin to Delhi,https://www.redbus.in/bus-tickets/ghumarwin-to-delhi,HRTC - 750,A/C Executive (2+3),20:30,09h 30m,06:00,2.7,INR 635,29 Seats available
Ghumarwin to Delhi,https://www.redbus.in/bus-tickets/ghumarwin-to-delhi,HRTC - 1107,Ordinary 3+2 Non AC Seater,20:30,07h 45m,04:15,3.0,INR 488,36 Seats available
Ghumarwin to Delhi,https://www.redbus.in/bus-tickets/ghumarwin-to-delhi,HRTC - 651,Ordinary 3+2 Non AC Seater,21:05,07h 15m,04:20,5.0,INR 488,33 Seats available
Ghumarwin to Delhi,https://www.redbus.in/bus-tickets/ghumarwin-to-delhi,HRTC - 78,Himsuta AC Seater Volvo/Scania 2+2,21:15,07h 45m,05:00,4.3,INR 982,17 Seats available
Ghumarwin to Delhi,https://www.redbus.in/bus-tickets/ghumarwin-to-delhi,HRTC - 15,Himsuta AC Seater Volvo/Scania 2+2,21:25,07h 05m,04:30,4.3,INR 916,10 Seats available
Ghumarwin to Delhi,https://www.redbus.in/bus-tickets/ghumarwin-to-delhi,Bedi Travels,Volvo A/C Semi Sleeper (2+2),23:15,07h 15m,06:30,5.0,630,6 Seats available
Ghumarwin to Delhi,https://www.redbus.in/bus-tickets/ghumarwin-to-delhi,Ram Dalal Holidays,Volvo A/C Semi Sleeper (2+2),23:30,07h 10m,06:40,4.2,693,2 Seats available
Chandigarh to Kangra,https://www.redbus.in/bus-tickets/chandigarh-to-kangra,HRTC - 573,Ordinary 3+2 Non AC Seater,19:40,05h 35m,01:15,4.0,INR 420,37 Seats available
Chandigarh to Kangra,https://www.redbus.in/bus-tickets/chandigarh-to-kangra,HRTC - 1505,Ordinary 3+2 Non AC Seater,20:16,06h 09m,02:25,4.1,INR 390,37 Seats available
Chandigarh to Kangra,https://www.redbus.in/bus-tickets/chandigarh-to-kangra,HRTC - 1150,Ordinary 3+2 Non AC Seater,20:30,06h 55m,03:25,4.3,INR 396,35 Seats available
Chandigarh to Kangra,https://www.redbus.in/bus-tickets/chandigarh-to-kangra,HRTC - 1524,Ordinary 3+2 Non AC Seater,22:00,05h 50m,03:50,3.8,INR 402,27 Seats available
Chandigarh to Kangra,https://www.redbus.in/bus-tickets/chandigarh-to-kangra,HRTC - 91,Himsuta AC Seater Volvo/Scania 2+2,22:10,05h 55m,04:05,4.2,INR 715,29 Seats available
Chandigarh to Kangra,https://www.redbus.in/bus-tickets/chandigarh-to-kangra,HRTC - 1213,Ordinary 3+2 Non AC Seater,22:47,06h 43m,05:30,4.8,INR 410,34 Seats available
Chandigarh to Kangra,https://www.redbus.in/bus-tickets/chandigarh-to-kangra,Laxmi holidays,Volvo 9600 A/C Semi Sleeper (2+2),23:55,05h 15m,05:10,4.4,569,11 Seats available
Chandigarh to Kangra,https://www.redbus.in/bus-tickets/chandigarh-to-kangra,Laxmi holidays,Scania Multi-Axle AC Semi Sleeper (2+2),23:55,05h 15m,05:10,4.5,INR 499,7 Seats available
Chandigarh to Kangra,https://www.redbus.in/bus-tickets/chandigarh-to-kangra,A N Holidays,Bharat Benz A/C Semi Sleeper (2+2),23:59,06h 01m,06:00,1.5,449,31 Seats available
Manali to Chandigarh,https://www.redbus.in/bus-tickets/manali-to-chandigarh,HRTC - 759,Himsuta AC Seater Volvo/Scania 2+2,20:00,08h 10m,04:10,2.5,INR 983,34 Seats available
Manali to Chandigarh,https://www.redbus.in/bus-tickets/manali-to-chandigarh,HRTC - 737,Ordinary 3+2 Non AC Seater,20:10,08h 50m,05:00,2.3,INR 560,33 Seats available
Manali to Chandigarh,https://www.redbus.in/bus-tickets/manali-to-chandigarh,HRTC - 803,Ordinary 3+2 Non AC Seater,20:30,09h 30m,06:00,5.0,INR 564,37 Seats available
Manali to Chandigarh,https://www.redbus.in/bus-tickets/manali-to-chandigarh,HRTC - 732,Himsuta AC Seater Volvo/Scania 2+2,21:00,07h 20m,04:20,3.9,INR 965,34 Seats available
Manali to Chandigarh,https://www.redbus.in/bus-tickets/manali-to-chandigarh,HRTC - 701,Ordinary 3+2 Non AC Seater,21:30,08h 00m,05:30,5.0,INR 575,27 Seats available
Manali to Chandigarh,https://www.redbus.in/bus-tickets/manali-to-chandigarh,HRTC - 713,Himsuta AC Seater Volvo/Scania 2+2,22:00,08h 00m,06:00,4.5,INR 965,32 Seats available
Manali to Chandigarh,https://www.redbus.in/bus-tickets/manali-to-chandigarh,Laxmi holidays,Volvo 9600 A/C Semi Sleeper (2+2),22:00,05h 30m,03:30,4.7,949,5 Seats available
Manali to Chandigarh,https://www.redbus.in/bus-tickets/manali-to-chandigarh,Laxmi holidays,Volvo 9600 A/C Semi Sleeper (2+2),21:00,06h 10m,03:10,4.7,854,13 Seats available
Manali to Chandigarh,https://www.redbus.in/bus-tickets/manali-to-chandigarh,Laxmi holidays,Volvo 9600 A/C Semi Sleeper (2+2),21:30,05h 45m,03:15,4.2,854,7 Seats available
Manali to Chandigarh,https://www.redbus.in/bus-tickets/manali-to-chandigarh,AdGLOBAL HOLIDAYS ADVENTURE TOURS,A/C Semi Sleeper (2+2),19:45,09h 00m,04:45,3.5,524,19 Seats available
Manali to Chandigarh,https://www.redbus.in/bus-tickets/manali-to-chandigarh,Laxmi holidays,Volvo 9600 A/C Semi Sleeper (2+2),18:00,06h 30m,00:30,4.5,664,9 Seats available
Manali to Chandigarh,https://www.redbus.in/bus-tickets/manali-to-chandigarh,Laxmi holidays,Scania Multi-Axle AC Semi Sleeper (2+2),21:40,05h 20m,03:00,4.1,902,14 Seats available
Manali to Chandigarh,https://www.redbus.in/bus-tickets/manali-to-chandigarh,Zingbus Plus,Volvo 9600 A/C Semi Sleeper (2+2),19:15,06h 40m,01:55,4.4,599,4 Seats available
Manali to Chandigarh,https://www.redbus.in/bus-tickets/manali-to-chandigarh,Zingbus Plus,Volvo 9600 A/C Semi Sleeper (2+2),20:00,06h 30m,02:30,4.8,739,2 Seats available
Manali to Chandigarh,https://www.redbus.in/bus-tickets/manali-to-chandigarh,Zingbus Plus,Volvo 9600 A/C Semi Sleeper (2+2),18:40,06h 35m,01:15,4.5,893,9 Seats available
Manali to Chandigarh,https://www.redbus.in/bus-tickets/manali-to-chandigarh,Zingbus Plus,Volvo A/C Semi Sleeper (2+2),18:15,06h 40m,00:55,4.8,739,7 Seats available
Manali to Chandigarh,https://www.redbus.in/bus-tickets/manali-to-chandigarh,IntrCity SmartBus,Volvo 9600 A/C Semi Sleeper (2+2),20:45,07h 00m,03:45,5.0,INR 1119,7 Seats available
Manali to Chandigarh,https://www.redbus.in/bus-tickets/manali-to-chandigarh,Subh Yatri Holidays,Volvo A/C Semi Sleeper (2+2),18:30,05h 25m,23:55,5.0,810,4 Seats available
Manali to Chandigarh,https://www.redbus.in/bus-tickets/manali-to-chandigarh,Laxmi holidays,Scania Multi-Axle AC Semi Sleeper (2+2),20:20,06h 30m,02:50,3.9,649,5 Seats available
Manali to Chandigarh,https://www.redbus.in/bus-tickets/manali-to-chandigarh,Ram Dalal Holidays,Volvo 9600 A/C Semi Sleeper (2+2),19:00,06h 25m,01:25,4.6,801,6 Seats available
Manali to Chandigarh,https://www.redbus.in/bus-tickets/manali-to-chandigarh,Zingbus Plus,Volvo 9600 A/C Semi Sleeper (2+2),21:00,06h 00m,03:00,4.7,940,4 Seats available
Manali to Chandigarh,https://www.redbus.in/bus-tickets/manali-to-chandigarh,Zingbus Plus,Volvo 9600 A/C Semi Sleeper (2+2),20:30,06h 30m,03:00,4.3,823,9 Seats available
Manali to Chandigarh,https://www.redbus.in/bus-tickets/manali-to-chandigarh,Laxmi holidays,Scania Multi-Axle AC Semi Sleeper (2+2),19:30,06h 20m,01:50,4.5,759,8 Seats available
Manali to Chandigarh,https://www.redbus.in/bus-tickets/manali-to-chandigarh,IntrCity SmartBus,Volvo A/C Semi Sleeper (2+2),19:30,06h 35m,02:05,4.4,INR 1099,2 Seats available
Manali to Chandigarh,https://www.redbus.in/bus-tickets/manali-to-chandigarh,Himgiri Adventure Tour,Bharat Benz A/C Semi Sleeper (2+2),20:01,07h 29m,03:30,2.4,INR 499,27 Seats available
Manali to Chandigarh,https://www.redbus.in/bus-tickets/manali-to-chandigarh,Zingbus Plus,Scania A/C Semi Sleeper (2+2),19:30,06h 25m,01:55,4.0,739,16 Seats available
Manali to Chandigarh,https://www.redbus.in/bus-tickets/manali-to-chandigarh,Deltin Travels,Volvo 9600 A/C Semi Sleeper (2+2),20:30,05h 30m,02:00,1.7,INR 980,7 Seats available
Manali to Chandigarh,https://www.redbus.in/bus-tickets/manali-to-chandigarh,Reo India Travels,Volvo A/C B11R Multi Axle Semi Sleeper (2+2),19:25,07h 20m,02:45,5.0,665,10 Seats available
Manali to Chandigarh,https://www.redbus.in/bus-tickets/manali-to-chandigarh,Malana Travels,Volvo 9600 Multi Axle Semi-Sleeper (2+2),20:00,07h 00m,03:00,4.0,759,25 Seats available
Manali to Chandigarh,https://www.redbus.in/bus-tickets/manali-to-chandigarh,GLOBAL HOLIDAYS ADVENTURE TOURS,A/C Semi Sleeper (2+2),19:45,09h 00m,04:45,2.7,524,21 Seats available
Manali to Chandigarh,https://www.redbus.in/bus-tickets/manali-to-chandigarh,FlixBus,Volvo A/C Seater (2+2),20:30,07h 00m,03:30,3.9,INR 785.71,6 Seats available
Manali to Chandigarh,https://www.redbus.in/bus-tickets/manali-to-chandigarh,Zakir Flights,Volvo A/C Semi Sleeper (2+2),18:30,06h 25m,00:55,1.7,737,5 Seats available
Manali to Chandigarh,https://www.redbus.in/bus-tickets/manali-to-chandigarh,City Land Travels,Volvo A/C Semi Sleeper (2+2),21:00,06h 00m,03:00,4.0,INR 910,27 Seats available
Manali to Chandigarh,https://www.redbus.in/bus-tickets/manali-to-chandigarh,TANISHQ HOLIDAYS TOUR,Volvo A/C Semi Sleeper (2+2),18:00,08h 00m,02:00,2.6,849,11 Seats available
Manali to Chandigarh,https://www.redbus.in/bus-tickets/manali-to-chandigarh,Subh Yatri Holidays,Volvo A/C Semi Sleeper (2+2),18:30,05h 25m,23:55,3.0,810,30 Seats available
Manali to Chandigarh,https://www.redbus.in/bus-tickets/manali-to-chandigarh,VT Bus,Scania Multi-Axle AC Semi Sleeper (2+2),21:00,06h 45m,03:45,5.0,686,6 Seats available
Manali to Chandigarh,https://www.redbus.in/bus-tickets/manali-to-chandigarh,Himalayan Nomad Ktc,Volvo A/C Semi Sleeper (2+2),21:10,06h 20m,03:30,1.0,699,17 Seats available
Manali to Chandigarh,https://www.redbus.in/bus-tickets/manali-to-chandigarh,RAO TRAVELS INDIA PVT LTD.,Volvo 9600 A/C Seater (2+2),18:00,07h 30m,01:30,5.0,1399,35 Seats available
Manali to Chandigarh,https://www.redbus.in/bus-tickets/manali-to-chandigarh,Himalayan Nomad Ktc,Volvo A/C Semi Sleeper (2+2),18:00,06h 30m,00:30,3.8,1006,10 Seats available
Manali to Chandigarh,https://www.redbus.in/bus-tickets/manali-to-chandigarh,Kingfisher Busline Pvt Ltd,Volvo A/C Multi-Axle Semi Sleeper (2+2),20:00,07h 00m,03:00,4.1,INR 1199,49 Seats available
Manali to Chandigarh,https://www.redbus.in/bus-tickets/manali-to-chandigarh,PAL Travel Lines,Volvo A/C Semi Sleeper (2+2),21:15,08h 00m,05:15,3.4,1439,3 Seats available
Manali to Chandigarh,https://www.redbus.in/bus-tickets/manali-to-chandigarh,Rao Travel Heights,Volvo A/C Semi Sleeper (2+2),19:00,05h 50m,00:50,4.0,1443,41 Seats available
Manali to Chandigarh,https://www.redbus.in/bus-tickets/manali-to-chandigarh,Reo India Travels,Volvo A/C B11R Multi Axle Semi Sleeper (2+2),19:15,06h 34m,01:49,1.0,665,8 Seats available
Manali to Chandigarh,https://www.redbus.in/bus-tickets/manali-to-chandigarh,Rao Travel Heights,Volvo A/C Semi Sleeper (2+2),18:30,08h 15m,02:45,3.7,1443,41 Seats available
Manali to Chandigarh,https://www.redbus.in/bus-tickets/manali-to-chandigarh,Suswagtam Tours,Volvo A/C Semi Sleeper (2+2),19:00,06h 59m,01:59,3.4,INR 1999,39 Seats available
Manali to Chandigarh,https://www.redbus.in/bus-tickets/manali-to-chandigarh,SWAGATAM TOUR HOLIDAY,Volvo A/C Multi-Axle Semi Sleeper (2+2),18:30,07h 01m,01:31,2.5,1574,49 Seats available
Manali to Chandigarh,https://www.redbus.in/bus-tickets/manali-to-chandigarh,Khurana Bus Service,Volvo A/C Semi Sleeper (2+2 ),20:00,05h 50m,01:50,3.3,INR 4000,36 Seats available
Manali to Chandigarh,https://www.redbus.in/bus-tickets/manali-to-chandigarh,Metahills holidays,Scania A/C Semi Sleeper (2+2),19:30,07h 30m,03:00,3.2,INR 1500,21 Seats available
Manali to Chandigarh,https://www.redbus.in/bus-tickets/manali-to-chandigarh,Golden Temple Volvo Bus Service,Bharat Benz A/C Semi Sleeper (2+2),21:00,07h 15m,04:15,3.1,INR 1086,29 Seats available
Manali to Chandigarh,https://www.redbus.in/bus-tickets/manali-to-chandigarh,Yatrabybus.com,Bharat Benz A/C Semi Sleeper (2+2),18:00,05h 55m,23:55,2.5,INR 1199,49 Seats available
Manali to Chandigarh,https://www.redbus.in/bus-tickets/manali-to-chandigarh,Himgiri Adventure Tour,Bharat Benz A/C Semi Sleeper (2+2),18:30,08h 30m,03:00,2.3,INR 749,25 Seats available
Manali to Chandigarh,https://www.redbus.in/bus-tickets/manali-to-chandigarh,G.T.SHolidays,Bharat Benz A/C Semi Sleeper (2+2),18:30,07h 30m,02:00,2.2,1400,31 Seats available
Solan to Delhi,https://www.redbus.in/bus-tickets/solan-to-delhi,HRTC - 74,Himsuta AC Seater Volvo/Scania 2+2,21:10,07h 50m,05:00,4.3,INR 741,14 Seats available
Solan to Delhi,https://www.redbus.in/bus-tickets/solan-to-delhi,HRTC - 3,Himsuta AC Seater Volvo/Scania 2+2,22:30,07h 30m,06:00,4.3,INR 741,13 Seats available
Solan to Delhi,https://www.redbus.in/bus-tickets/solan-to-delhi,HRTC - 108,A/C Executive (2+3),22:31,08h 21m,06:52,4.0,INR 529,44 Seats available
Solan to Delhi,https://www.redbus.in/bus-tickets/solan-to-delhi,HRTC - 19,Himsuta AC Seater Volvo/Scania 2+2,23:00,07h 00m,06:00,2.1,INR 741,20 Seats available
Solan to Delhi,https://www.redbus.in/bus-tickets/solan-to-delhi,Bedi Travels,Volvo A/C Semi Sleeper (2+2),23:00,06h 30m,05:30,4.7,495,11 Seats available
Solan to Delhi,https://www.redbus.in/bus-tickets/solan-to-delhi,Zingbus Plus,Bharat Benz A/C Semi Sleeper (2+2),21:50,07h 20m,05:10,4.7,656,17 Seats available
Solan to Delhi,https://www.redbus.in/bus-tickets/solan-to-delhi,Laxmi holidays,Scania Multi-Axle AC Semi Sleeper (2+2),21:30,07h 00m,04:30,4.4,INR 499,30 Seats available
Solan to Delhi,https://www.redbus.in/bus-tickets/solan-to-delhi,Ram Dalal Holidays,Mercedes Multi-Axle Semi Sleeper (2+2),23:40,07h 00m,06:40,4.5,738,10 Seats available
Solan to Delhi,https://www.redbus.in/bus-tickets/solan-to-delhi,City Land Travels,Volvo A/C Semi Sleeper (2+2),23:20,05h 40m,05:00,3.5,INR 500,18 Seats available
Solan to Delhi,https://www.redbus.in/bus-tickets/solan-to-delhi,FlixBus,Volvo A/C Seater (2+2),22:10,07h 50m,06:00,5.0,INR 1335.71,8 Seats available
Chandigarh to Manali,https://www.redbus.in/bus-tickets/chandigarh-to-manali,HRTC - 58,Himsuta AC Seater Volvo/Scania 2+2,20:40,08h 20m,05:00,4.7,INR 965,34 Seats available
Chandigarh to Manali,https://www.redbus.in/bus-tickets/chandigarh-to-manali,HRTC - 1544,Ordinary 3+2 Non AC Seater,21:40,10h 10m,07:50,1.0,INR 595,27 Seats available
Chandigarh to Manali,https://www.redbus.in/bus-tickets/chandigarh-to-manali,HRTC - 1522,Himsuta AC Seater Volvo/Scania 2+2,22:00,08h 30m,06:30,4.6,INR 965,28 Seats available
Chandigarh to Manali,https://www.redbus.in/bus-tickets/chandigarh-to-manali,Laxmi holidays,Volvo 9600 A/C Semi Sleeper (2+2),22:50,06h 10m,05:00,4.7,569,3 Seats available
Chandigarh to Manali,https://www.redbus.in/bus-tickets/chandigarh-to-manali,Zingbus Plus,Volvo A/C Semi Sleeper (2+2),23:30,05h 50m,05:20,4.6,450,8 Seats available
Chandigarh to Manali,https://www.redbus.in/bus-tickets/chandigarh-to-manali,Laxmi holidays,Scania Multi-Axle AC Semi Sleeper (2+2),23:45,06h 15m,06:00,4.5,INR 499,8 Seats available
Chandigarh to Manali,https://www.redbus.in/bus-tickets/chandigarh-to-manali,GLOBAL HOLIDAYS ADVENTURE TOURS,A/C Semi Sleeper (2+2),22:25,08h 35m,07:00,3.5,438,28 Seats available
Chandigarh to Manali,https://www.redbus.in/bus-tickets/chandigarh-to-manali,GLOBAL HOLIDAYS ADVENTURE TOURS,A/C Semi Sleeper (2+2),22:35,08h 35m,07:10,3.3,524,24 Seats available
Chandigarh to Manali,https://www.redbus.in/bus-tickets/chandigarh-to-manali,Reo India Travels,Volvo A/C B11R Multi Axle Semi Sleeper (2+2),23:59,07h 26m,07:25,2.6,547,16 Seats available
Chandigarh to Manali,https://www.redbus.in/bus-tickets/chandigarh-to-manali,TANISHQ HOLIDAYS TOUR,Volvo A/C Semi Sleeper (2+2),23:30,08h 00m,07:30,3.0,850,5 Seats available
Chandigarh to Manali,https://www.redbus.in/bus-tickets/chandigarh-to-manali,Himalayan Nomad Ktc,Volvo A/C Semi Sleeper (2+2),23:57,07h 03m,07:00,3.8,699,29 Seats available
Chandigarh to Manali,https://www.redbus.in/bus-tickets/chandigarh-to-manali,Himalayan Nomad Ktc,Volvo A/C Semi Sleeper (2+2),23:55,07h 05m,07:00,3.8,699,33 Seats available
Chandigarh to Manali,https://www.redbus.in/bus-tickets/chandigarh-to-manali,Abtc Tour and Travels,Bharat Benz A/C Semi Sleeper (2+2),01:00,06h 00m,07:00,3.4,INR 849,31 Seats available
Chandigarh to Manali,https://www.redbus.in/bus-tickets/chandigarh-to-manali,Himgiri Adventure Tour,Bharat Benz A/C Semi Sleeper (2+2),22:00,09h 15m,07:15,2.2,INR 549,21 Seats available
Chandigarh to Manali,https://www.redbus.in/bus-tickets/chandigarh-to-manali,Om Sidh Express,Volvo A/C Semi Sleeper (2+2),23:00,06h 30m,05:30,5.0,510,28 Seats available
Chandigarh to Manali,https://www.redbus.in/bus-tickets/chandigarh-to-manali,PAL Travel Lines,Volvo A/C Semi Sleeper (2+2),23:45,08h 40m,08:25,2.3,494,19 Seats available
Chandigarh to Manali,https://www.redbus.in/bus-tickets/chandigarh-to-manali,Everest Holidays,Volvo A/C Semi Sleeper (2+2),23:59,07h 01m,07:00,1.9,832,25 Seats available
Chandigarh to Manali,https://www.redbus.in/bus-tickets/chandigarh-to-manali,Himalayan Nomad Ktc,Volvo A/C Semi Sleeper (2+2),23:55,06h 40m,06:35,2.4,1094,29 Seats available
Chandigarh to Manali,https://www.redbus.in/bus-tickets/chandigarh-to-manali,Rao Travel Heights,Volvo A/C Semi Sleeper (2+2),23:40,07h 20m,07:00,3.7,1443,41 Seats available
Chandigarh to Manali,https://www.redbus.in/bus-tickets/chandigarh-to-manali,Metahills holidays,Scania A/C Semi Sleeper (2+2),23:21,08h 39m,08:00,1.0,INR 595.24,26 Seats available
Chandigarh to Manali,https://www.redbus.in/bus-tickets/chandigarh-to-manali,Abtc Tour and Travels,Bharat Benz A/C Semi Sleeper (2+2),23:55,07h 05m,07:00,1.0,INR 849,31 Seats available
Delhi to Sarkaghat,https://www.redbus.in/bus-tickets/delhi-to-sarkaghat,HRTC - 541,Ordinary 3+2 Non AC Seater,19:14,08h 56m,04:10,5.0,INR 600,37 Seats available
Delhi to Sarkaghat,https://www.redbus.in/bus-tickets/delhi-to-sarkaghat,HRTC - 549,A/C Executive (2+3),19:25,11h 20m,06:45,3.3,INR 736,44 Seats available
Delhi to Sarkaghat,https://www.redbus.in/bus-tickets/delhi-to-sarkaghat,HRTC - 557,Ordinary 3+2 Non AC Seater,20:15,10h 55m,07:10,2.9,INR 600,37 Seats available
Delhi to Sarkaghat,https://www.redbus.in/bus-tickets/delhi-to-sarkaghat,HRTC - 597,Himsuta AC Seater Volvo/Scania 2+2,20:35,10h 05m,06:40,4.4,INR 1148,34 Seats available
Ghumarwin to Chandigarh,https://www.redbus.in/bus-tickets/ghumarwin-to-chandigarh,HRTC - 763,Ordinary 3+2 Non AC Seater,19:40,03h 00m,22:40,3.8,INR 223,25 Seats available
Ghumarwin to Chandigarh,https://www.redbus.in/bus-tickets/ghumarwin-to-chandigarh,HRTC - 700,Himsuta AC Seater Volvo/Scania 2+2,20:00,03h 30m,23:30,3.8,INR 459,12 Seats available
Ghumarwin to Chandigarh,https://www.redbus.in/bus-tickets/ghumarwin-to-chandigarh,HRTC - 1107,Ordinary 3+2 Non AC Seater,20:30,02h 50m,23:20,3.8,INR 218,36 Seats available
Ghumarwin to Chandigarh,https://www.redbus.in/bus-tickets/ghumarwin-to-chandigarh,HRTC - 750,A/C Executive (2+3),20:30,04h 10m,00:40,3.8,INR 275,44 Seats available
Ghumarwin to Chandigarh,https://www.redbus.in/bus-tickets/ghumarwin-to-chandigarh,HRTC - 78,Himsuta AC Seater Volvo/Scania 2+2,21:15,03h 50m,01:05,3.8,INR 464,34 Seats available
Ghumarwin to Chandigarh,https://www.redbus.in/bus-tickets/ghumarwin-to-chandigarh,HRTC - 1123,Ordinary 3+2 Non AC Seater,23:00,05h 15m,04:15,3.8,INR 232,37 Seats available
Ghumarwin to Chandigarh,https://www.redbus.in/bus-tickets/ghumarwin-to-chandigarh,Ram Dalal Holidays,Volvo A/C Semi Sleeper (2+2),23:30,03h 40m,03:10,4.5,585,2 Seats available
Ghumarwin to Chandigarh,https://www.redbus.in/bus-tickets/ghumarwin-to-chandigarh,Bedi Travels,Volvo A/C Semi Sleeper (2+2),23:15,02h 50m,02:05,4.8,630,6 Seats available
Chandigarh to Kullu,https://www.redbus.in/bus-tickets/chandigarh-to-kullu,HRTC - 58,Himsuta AC Seater Volvo/Scania 2+2,20:40,07h 20m,04:00,5.0,INR 820,17 Seats available
Chandigarh to Kullu,https://www.redbus.in/bus-tickets/chandigarh-to-kullu,HRTC - 1544,Ordinary 3+2 Non AC Seater,21:40,09h 00m,06:40,4.0,INR 507,27 Seats available
Chandigarh to Kullu,https://www.redbus.in/bus-tickets/chandigarh-to-kullu,HRTC - 1522,Himsuta AC Seater Volvo/Scania 2+2,22:00,07h 00m,05:00,4.2,INR 820,28 Seats available
Chandigarh to Kullu,https://www.redbus.in/bus-tickets/chandigarh-to-kullu,HRTC - 1231,Ordinary 3+2 Non AC Seater,22:40,05h 42m,04:22,3.8,INR 501,37 Seats available
Chandigarh to Kullu,https://www.redbus.in/bus-tickets/chandigarh-to-kullu,Himgiri Adventure Tour,Bharat Benz A/C Semi Sleeper (2+2),22:00,08h 45m,06:45,3.7,INR 549,21 Seats available
Chandigarh to Kullu,https://www.redbus.in/bus-tickets/chandigarh-to-kullu,GLOBAL HOLIDAYS ADVENTURE TOURS,A/C Semi Sleeper (2+2),22:25,07h 35m,06:00,3.6,438,28 Seats available
Chandigarh to Kullu,https://www.redbus.in/bus-tickets/chandigarh-to-kullu,Laxmi holidays,Volvo 9600 A/C Semi Sleeper (2+2),22:50,05h 25m,04:15,4.7,569,3 Seats available
Chandigarh to Kullu,https://www.redbus.in/bus-tickets/chandigarh-to-kullu,Om Sidh Express,Volvo A/C Semi Sleeper (2+2),23:00,05h 45m,04:45,5.0,510,26 Seats available
Chandigarh to Kullu,https://www.redbus.in/bus-tickets/chandigarh-to-kullu,Metahills holidays,Scania A/C Semi Sleeper (2+2),23:21,08h 29m,07:50,4.0,INR 1299,26 Seats available
Chandigarh to Kullu,https://www.redbus.in/bus-tickets/chandigarh-to-kullu,Zingbus Plus,Volvo A/C Semi Sleeper (2+2),23:30,04h 50m,04:20,4.7,450,9 Seats available
Chandigarh to Kullu,https://www.redbus.in/bus-tickets/chandigarh-to-kullu,PAL Travel Lines,Volvo A/C Semi Sleeper (2+2),23:45,08h 30m,08:15,5.0,494,19 Seats available
Chandigarh to Kullu,https://www.redbus.in/bus-tickets/chandigarh-to-kullu,TANISHQ HOLIDAYS TOUR,Volvo A/C Semi Sleeper (2+2),23:30,07h 00m,06:30,5.0,850,41 Seats available
Chandigarh to Kullu,https://www.redbus.in/bus-tickets/chandigarh-to-kullu,Everest Holidays,Volvo A/C Semi Sleeper (2+2),23:59,06h 16m,06:15,3.6,832,25 Seats available
Chandigarh to Kullu,https://www.redbus.in/bus-tickets/chandigarh-to-kullu,Laxmi holidays,Scania Multi-Axle AC Semi Sleeper (2+2),23:45,05h 15m,05:00,4.8,INR 499,21 Seats available
Chandigarh to Kullu,https://www.redbus.in/bus-tickets/chandigarh-to-kullu,Himalayan Nomad Ktc,Volvo A/C Semi Sleeper (2+2),23:55,06h 00m,05:55,3.8,1094,29 Seats available
Chandigarh to Kullu,https://www.redbus.in/bus-tickets/chandigarh-to-kullu,Rao Travel Heights,Volvo A/C Semi Sleeper (2+2),23:40,07h 10m,06:50,3.7,1443,41 Seats available
Chandigarh to Kullu,https://www.redbus.in/bus-tickets/chandigarh-to-kullu,Himalayan Nomad Ktc,Volvo A/C Semi Sleeper (2+2),23:55,06h 15m,06:10,3.8,699,33 Seats available
Chandigarh to Kullu,https://www.redbus.in/bus-tickets/chandigarh-to-kullu,Abtc Tour and Travels,Bharat Benz A/C Semi Sleeper (2+2),23:55,06h 15m,06:10,3.2,INR 849,31 Seats available
Chandigarh to Kullu,https://www.redbus.in/bus-tickets/chandigarh-to-kullu,Himalayan Nomad Ktc,Volvo A/C Semi Sleeper (2+2),23:57,06h 13m,06:10,3.8,699,33 Seats available
Chandigarh to Kullu,https://www.redbus.in/bus-tickets/chandigarh-to-kullu,Reo India Travels,Volvo A/C B11R Multi Axle Semi Sleeper (2+2),23:59,06h 31m,06:30,4.3,547,16 Seats available
Chandigarh to Kullu,https://www.redbus.in/bus-tickets/chandigarh-to-kullu,Abtc Tour and Travels,Bharat Benz A/C Semi Sleeper (2+2),01:00,05h 10m,06:10,1.0,INR 849,31 Seats available
Delhi to Bilaspur (Himachal Pradesh),https://www.redbus.in/bus-tickets/delhi-to-bilaspur-himachal-pradesh,HRTC - 549,A/C Executive (2+3),19:25,08h 45m,04:10,2.3,INR 594,44 Seats available
Delhi to Bilaspur (Himachal Pradesh),https://www.redbus.in/bus-tickets/delhi-to-bilaspur-himachal-pradesh,HRTC - 554,Ordinary 3+2 Non AC Seater,20:00,11h 00m,07:00,3.4,INR 496,36 Seats available
Delhi to Bilaspur (Himachal Pradesh),https://www.redbus.in/bus-tickets/delhi-to-bilaspur-himachal-pradesh,HRTC - 597,Himsuta AC Seater Volvo/Scania 2+2,20:35,07h 50m,04:25,4.7,INR 913,21 Seats available
Delhi to Bilaspur (Himachal Pradesh),https://www.redbus.in/bus-tickets/delhi-to-bilaspur-himachal-pradesh,HRTC - 563,Ordinary 3+2 Non AC Seater,20:50,08h 55m,05:45,5.0,INR 464,30 Seats available
Delhi to Bilaspur (Himachal Pradesh),https://www.redbus.in/bus-tickets/delhi-to-bilaspur-himachal-pradesh,HRTC - 600,Himsuta AC Seater Volvo/Scania 2+2,21:50,08h 40m,06:30,3.8,INR 883,30 Seats available
Delhi to Bilaspur (Himachal Pradesh),https://www.redbus.in/bus-tickets/delhi-to-bilaspur-himachal-pradesh,HRTC - 583,Ordinary 3+2 Non AC Seater,22:02,08h 13m,06:15,4.6,INR 469,37 Seats available
Delhi to Bilaspur (Himachal Pradesh),https://www.redbus.in/bus-tickets/delhi-to-bilaspur-himachal-pradesh,HRTC - 77,Himsuta AC Seater Volvo/Scania 2+2,22:15,08h 15m,06:30,4.3,INR 913,20 Seats available
Delhi to Bilaspur (Himachal Pradesh),https://www.redbus.in/bus-tickets/delhi-to-bilaspur-himachal-pradesh,HRTC - 580,Ordinary 3+2 Non AC Seater,22:45,10h 15m,09:00,3.1,INR 452,34 Seats available
Delhi to Bilaspur (Himachal Pradesh),https://www.redbus.in/bus-tickets/delhi-to-bilaspur-himachal-pradesh,Laxmi holidays,Volvo 9600 A/C Semi Sleeper (2+2),23:00,07h 30m,06:30,4.5,569,30 Seats available
Delhi to Bilaspur (Himachal Pradesh),https://www.redbus.in/bus-tickets/delhi-to-bilaspur-himachal-pradesh,Laxmi holidays,Volvo 9600 A/C Semi Sleeper (2+2),22:00,07h 00m,05:00,4.5,569,36 Seats available
Delhi to Bilaspur (Himachal Pradesh),https://www.redbus.in/bus-tickets/delhi-to-bilaspur-himachal-pradesh,Laxmi holidays,Scania Multi-Axle AC Semi Sleeper (2+2),22:40,07h 20m,06:00,4.5,569,32 Seats available
Delhi to Bilaspur (Himachal Pradesh),https://www.redbus.in/bus-tickets/delhi-to-bilaspur-himachal-pradesh,City Land Travels,Scania Multi-Axle AC Semi Sleeper (2+2),23:55,08h 20m,08:15,3.6,INR 688,44 Seats available
Delhi to Bilaspur (Himachal Pradesh),https://www.redbus.in/bus-tickets/delhi-to-bilaspur-himachal-pradesh,Laxmi holidays,Volvo 9600 A/C Semi Sleeper (2+2),21:00,07h 30m,04:30,3.9,569,40 Seats available
Delhi to Bilaspur (Himachal Pradesh),https://www.redbus.in/bus-tickets/delhi-to-bilaspur-himachal-pradesh,Deltin Travels,Volvo 9600 A/C Semi Sleeper (2+2),21:50,07h 00m,04:50,3.4,INR 550,10 Seats available
Delhi to Bilaspur (Himachal Pradesh),https://www.redbus.in/bus-tickets/delhi-to-bilaspur-himachal-pradesh,VT Bus,Scania Multi-Axle AC Semi Sleeper (2+2),20:00,05h 00m,01:00,4.0,514,34 Seats available
Delhi to Bilaspur (Himachal Pradesh),https://www.redbus.in/bus-tickets/delhi-to-bilaspur-himachal-pradesh,Laxmi holidays,Scania Multi-Axle AC Semi Sleeper (2+2),20:30,07h 30m,04:00,3.3,569,31 Seats available
Delhi to Bilaspur (Himachal Pradesh),https://www.redbus.in/bus-tickets/delhi-to-bilaspur-himachal-pradesh,Laxmi holidays,Volvo 9600 A/C Semi Sleeper (2+2),20:00,07h 30m,03:30,3.3,569,22 Seats available
Delhi to Bilaspur (Himachal Pradesh),https://www.redbus.in/bus-tickets/delhi-to-bilaspur-himachal-pradesh,IntrCity SmartBus,Volvo 9600 A/C Semi Sleeper (2+2),22:30,07h 15m,05:45,5.0,INR 594,29 Seats available
Delhi to Bilaspur (Himachal Pradesh),https://www.redbus.in/bus-tickets/delhi-to-bilaspur-himachal-pradesh,Northern Travels,Scania Multi-Axle AC Semi Sleeper (2+2),23:10,06h 20m,05:30,1.6,INR 525,39 Seats available
Delhi to Bilaspur (Himachal Pradesh),https://www.redbus.in/bus-tickets/delhi-to-bilaspur-himachal-pradesh,VT Bus,Scania Multi-Axle AC Semi Sleeper (2+2),22:00,06h 00m,04:00,4.0,514,33 Seats available
Delhi to Bilaspur (Himachal Pradesh),https://www.redbus.in/bus-tickets/delhi-to-bilaspur-himachal-pradesh,Laxmi holidays,Volvo 9600 A/C Semi Sleeper (2+2),19:00,07h 30m,02:30,5.0,569,16 Seats available
Delhi to Bilaspur (Himachal Pradesh),https://www.redbus.in/bus-tickets/delhi-to-bilaspur-himachal-pradesh,Laxmi holidays,Volvo A/C Semi Sleeper (2+2),20:00,07h 30m,03:30,5.0,475,21 Seats available
Delhi to Bilaspur (Himachal Pradesh),https://www.redbus.in/bus-tickets/delhi-to-bilaspur-himachal-pradesh,PAL Travel Lines,Volvo A/C Semi Sleeper (2+2),20:15,07h 15m,03:30,2.9,494,26 Seats available
Delhi to Bilaspur (Himachal Pradesh),https://www.redbus.in/bus-tickets/delhi-to-bilaspur-himachal-pradesh,IntrCity SmartBus,Volvo A/C Semi Sleeper (2+2),20:30,07h 00m,03:30,5.0,INR 594,34 Seats available
Delhi to Bilaspur (Himachal Pradesh),https://www.redbus.in/bus-tickets/delhi-to-bilaspur-himachal-pradesh,Ram Dalal Holidays,Volvo 9600 A/C Semi Sleeper (2+2),20:55,06h 25m,03:20,4.8,539,21 Seats available
Delhi to Bilaspur (Himachal Pradesh),https://www.redbus.in/bus-tickets/delhi-to-bilaspur-himachal-pradesh,Kashi Bus,Scania Multi-Axle AC Semi Sleeper (2+2),22:00,07h 16m,05:16,5.0,INR 1500,49 Seats available
Delhi to Bilaspur (Himachal Pradesh),https://www.redbus.in/bus-tickets/delhi-to-bilaspur-himachal-pradesh,Himalayan Nomad Ktc,Volvo A/C Semi Sleeper (2+2),19:30,07h 35m,03:05,5.0,831,33 Seats available
Delhi to Bilaspur (Himachal Pradesh),https://www.redbus.in/bus-tickets/delhi-to-bilaspur-himachal-pradesh,Kashi Bus,Scania Multi-Axle AC Semi Sleeper (2+2),20:30,07h 16m,03:46,4.7,INR 445,49 Seats available
Delhi to Bilaspur (Himachal Pradesh),https://www.redbus.in/bus-tickets/delhi-to-bilaspur-himachal-pradesh,Himalayan Nomad Ktc,Volvo A/C Semi Sleeper (2+2),20:30,07h 20m,03:50,4.4,831,37 Seats available
Delhi to Bilaspur (Himachal Pradesh),https://www.redbus.in/bus-tickets/delhi-to-bilaspur-himachal-pradesh,Laxmi holidays,Volvo A/C Semi Sleeper (2+2),20:30,07h 30m,04:00,4.5,569,11 Seats available
Delhi to Bilaspur (Himachal Pradesh),https://www.redbus.in/bus-tickets/delhi-to-bilaspur-himachal-pradesh,Laxmi holidays,Volvo A/C Semi Sleeper (2+2),18:30,07h 30m,02:00,3.0,541,6 Seats available
Delhi to Bilaspur (Himachal Pradesh),https://www.redbus.in/bus-tickets/delhi-to-bilaspur-himachal-pradesh,Laxmi holidays,Scania Multi-Axle AC Semi Sleeper (2+2),18:30,07h 30m,02:00,2.9,569,21 Seats available
Delhi to Bilaspur (Himachal Pradesh),https://www.redbus.in/bus-tickets/delhi-to-bilaspur-himachal-pradesh,Subh Yatri Holidays,Volvo A/C Semi Sleeper (2+2),19:30,06h 30m,02:00,3.4,539,14 Seats available
Delhi to Bilaspur (Himachal Pradesh),https://www.redbus.in/bus-tickets/delhi-to-bilaspur-himachal-pradesh,PAL Travel Lines,Volvo A/C Semi Sleeper (2+2),19:15,08h 45m,04:00,3.0,494,28 Seats available
Delhi to Bilaspur (Himachal Pradesh),https://www.redbus.in/bus-tickets/delhi-to-bilaspur-himachal-pradesh,Deltin Travels,Volvo 9600 A/C Semi Sleeper (2+2),23:00,04h 20m,03:20,5.0,INR 650,13 Seats available
Delhi to Bilaspur (Himachal Pradesh),https://www.redbus.in/bus-tickets/delhi-to-bilaspur-himachal-pradesh,Subh Yatri Holidays,Volvo A/C Semi Sleeper (2+2),18:00,09h 15m,03:15,2.9,630,31 Seats available
Delhi to Bilaspur (Himachal Pradesh),https://www.redbus.in/bus-tickets/delhi-to-bilaspur-himachal-pradesh,Ram Dalal Holidays,Volvo A/C Semi Sleeper (2+2),21:45,06h 15m,04:00,2.8,692,7 Seats available
Delhi to Bilaspur (Himachal Pradesh),https://www.redbus.in/bus-tickets/delhi-to-bilaspur-himachal-pradesh,PAL Travel Lines,Volvo A/C Semi Sleeper (2+2),21:30,06h 15m,03:45,4.7,494,24 Seats available
Delhi to Bilaspur (Himachal Pradesh),https://www.redbus.in/bus-tickets/delhi-to-bilaspur-himachal-pradesh,JN HOLIDAYS,Volvo Multi-Axle I-Shift B11R Semi Sleeper (2+2),20:00,07h 15m,03:15,2.5,INR 799,6 Seats available
Delhi to Bilaspur (Himachal Pradesh),https://www.redbus.in/bus-tickets/delhi-to-bilaspur-himachal-pradesh,Ram Dalal Holidays,Volvo A/C Semi Sleeper (2+2),20:30,06h 15m,02:45,4.8,585,19 Seats available
Delhi to Bilaspur (Himachal Pradesh),https://www.redbus.in/bus-tickets/delhi-to-bilaspur-himachal-pradesh,Northern Travels,Volvo A/C Semi Sleeper (2+2),20:30,07h 30m,04:00,4.0,INR 530,28 Seats available
Delhi to Bilaspur (Himachal Pradesh),https://www.redbus.in/bus-tickets/delhi-to-bilaspur-himachal-pradesh,Kartar Travels Private Limited,Scania Multi-Axle AC Semi Sleeper (2+2),23:30,06h 45m,06:15,2.5,540,28 Seats available
Delhi to Bilaspur (Himachal Pradesh),https://www.redbus.in/bus-tickets/delhi-to-bilaspur-himachal-pradesh,VT Bus,Scania Multi-Axle AC Semi Sleeper (2+2),21:15,05h 00m,02:15,2.2,1714,49 Seats available
Delhi to Bilaspur (Himachal Pradesh),https://www.redbus.in/bus-tickets/delhi-to-bilaspur-himachal-pradesh,SWAGATAM TOUR HOLIDAY,Volvo AC Seater (2+2),20:15,07h 55m,04:10,2.2,719,41 Seats available
Delhi to Bilaspur (Himachal Pradesh),https://www.redbus.in/bus-tickets/delhi-to-bilaspur-himachal-pradesh,Reo India Travels,Volvo A/C B11R Multi Axle Semi Sleeper (2+2),18:45,07h 45m,02:30,5.0,547,16 Seats available
Delhi to Bilaspur (Himachal Pradesh),https://www.redbus.in/bus-tickets/delhi-to-bilaspur-himachal-pradesh,Reo India Travels,Volvo A/C B11R Multi Axle Semi Sleeper (2+2),19:35,07h 55m,03:30,1.0,547,16 Seats available
Delhi to Bilaspur (Himachal Pradesh),https://www.redbus.in/bus-tickets/delhi-to-bilaspur-himachal-pradesh,Himalayan Nomad Ktc,Volvo A/C Semi Sleeper (2+2),19:45,07h 35m,03:20,5.0,831,31 Seats available
Delhi to Bilaspur (Himachal Pradesh),https://www.redbus.in/bus-tickets/delhi-to-bilaspur-himachal-pradesh,Malana Travels,Bharat Benz A/C Semi Sleeper (2+2),19:15,09h 30m,04:45,3.0,579,26 Seats available
Delhi to Bilaspur (Himachal Pradesh),https://www.redbus.in/bus-tickets/delhi-to-bilaspur-himachal-pradesh,Himalayan Nomad Ktc,Volvo A/C Semi Sleeper (2+2),19:15,07h 35m,02:50,2.6,831,31 Seats available
Delhi to Bilaspur (Himachal Pradesh),https://www.redbus.in/bus-tickets/delhi-to-bilaspur-himachal-pradesh,Subh Yatri Holidays,Volvo A/C Semi Sleeper (2+2),19:00,09h 15m,04:15,3.5,696,33 Seats available
Delhi to Bilaspur (Himachal Pradesh),https://www.redbus.in/bus-tickets/delhi-to-bilaspur-himachal-pradesh,TANISHQ HOLIDAYS TOUR,Volvo A/C Semi Sleeper (2+2),19:30,06h 30m,02:00,3.4,850,41 Seats available
Delhi to Bilaspur (Himachal Pradesh),https://www.redbus.in/bus-tickets/delhi-to-bilaspur-himachal-pradesh,Cab India Travels,Volvo A/C Semi Sleeper (2+2),19:20,08h 20m,03:40,2.5,INR 999,23 Seats available
Delhi to Bilaspur (Himachal Pradesh),https://www.redbus.in/bus-tickets/delhi-to-bilaspur-himachal-pradesh,Suswagtam Tours,Volvo A/C Semi Sleeper (2+2),19:30,08h 45m,04:15,3.3,INR 2149,41 Seats available
Delhi to Bilaspur (Himachal Pradesh),https://www.redbus.in/bus-tickets/delhi-to-bilaspur-himachal-pradesh,SWAGATAM TOUR HOLIDAY,Volvo A/C Multi-Axle Semi Sleeper (2+2),20:15,07h 55m,04:10,3.7,1574,49 Seats available
Delhi to Bilaspur (Himachal Pradesh),https://www.redbus.in/bus-tickets/delhi-to-bilaspur-himachal-pradesh,Khurana Bus Service,Volvo A/C Semi Sleeper (2+2 ),20:30,08h 10m,04:40,3.7,INR 530,37 Seats available
Delhi to Bilaspur (Himachal Pradesh),https://www.redbus.in/bus-tickets/delhi-to-bilaspur-himachal-pradesh,Rao Travel Heights,Volvo A/C Semi Sleeper (2+2),19:00,08h 45m,03:45,3.7,1443,41 Seats available
Delhi to Bilaspur (Himachal Pradesh),https://www.redbus.in/bus-tickets/delhi-to-bilaspur-himachal-pradesh,Rao Travel Heights,Volvo A/C Semi Sleeper (2+2),19:00,08h 45m,03:45,0,1443,41 Seats available
Delhi to Bilaspur (Himachal Pradesh),https://www.redbus.in/bus-tickets/delhi-to-bilaspur-himachal-pradesh,Rao Travel Heights,Volvo A/C Semi Sleeper (2+2),19:30,07h 00m,02:30,0,1443,29 Seats available
Delhi to Ghumarwin,https://www.redbus.in/bus-tickets/delhi-to-ghumarwin,HRTC - 541,Ordinary 3+2 Non AC Seater,19:14,07h 28m,02:42,1.0,INR 488,37 Seats available
Delhi to Ghumarwin,https://www.redbus.in/bus-tickets/delhi-to-ghumarwin,HRTC - 549,A/C Executive (2+3),19:25,09h 25m,04:50,4.9,INR 635,37 Seats available
Delhi to Ghumarwin,https://www.redbus.in/bus-tickets/delhi-to-ghumarwin,HRTC - 552,Himmani Deluxe 2+2 Non AC Seater,19:45,07h 55m,03:40,3.1,INR 532,19 Seats available
Delhi to Ghumarwin,https://www.redbus.in/bus-tickets/delhi-to-ghumarwin,HRTC - 557,Ordinary 3+2 Non AC Seater,20:15,09h 00m,05:15,4.0,INR 488,36 Seats available
Delhi to Ghumarwin,https://www.redbus.in/bus-tickets/delhi-to-ghumarwin,HRTC - 597,Himsuta AC Seater Volvo/Scania 2+2,20:35,08h 35m,05:10,4.4,INR 982,21 Seats available
Delhi to Ghumarwin,https://www.redbus.in/bus-tickets/delhi-to-ghumarwin,HRTC - 16,Himsuta AC Seater Volvo/Scania 2+2,21:20,07h 05m,04:25,2.2,INR 916,20 Seats available
Delhi to Ghumarwin,https://www.redbus.in/bus-tickets/delhi-to-ghumarwin,HRTC - 77,Himsuta AC Seater Volvo/Scania 2+2,22:15,09h 00m,07:15,4.7,INR 982,18 Seats available
Delhi to Ghumarwin,https://www.redbus.in/bus-tickets/delhi-to-ghumarwin,Bedi Travels,Volvo A/C Semi Sleeper (2+2),21:30,07h 30m,05:00,4.8,540,20 Seats available
Delhi to Ghumarwin,https://www.redbus.in/bus-tickets/delhi-to-ghumarwin,Ram Dalal Holidays,Volvo A/C Semi Sleeper (2+2),21:45,07h 00m,04:45,4.4,683,7 Seats available
Delhi to Ghumarwin,https://www.redbus.in/bus-tickets/delhi-to-ghumarwin,Northern Travels,Volvo A/C Semi Sleeper (2+2),21:20,07h 20m,04:40,3.9,INR 450,35 Seats available
Chamba (Himachal Pradesh) to Shimla,https://www.redbus.in/bus-tickets/chamba-himachal-pradesh-to-shimla,HRTC - 636,Ordinary 3+2 Non AC Seater,20:00,12h 30m,08:30,3.9,INR 843,35 Seats available
Delhi to Palampur,https://www.redbus.in/bus-tickets/delhi-to-palampur,HRTC - 548,Ordinary 3+2 Non AC Seater,19:31,12h 19m,07:50,5.0,INR 773,28 Seats available
Delhi to Palampur,https://www.redbus.in/bus-tickets/delhi-to-palampur,HRTC - 547,A/C Executive (2+3),20:16,10h 24m,06:40,2.3,INR 886,39 Seats available
Delhi to Palampur,https://www.redbus.in/bus-tickets/delhi-to-palampur,HRTC - 558,Ordinary 3+2 Non AC Seater,20:20,11h 40m,08:00,5.0,INR 745,37 Seats available
Delhi to Palampur,https://www.redbus.in/bus-tickets/delhi-to-palampur,HRTC - 599,Himsuta AC Seater Volvo/Scania 2+2,20:29,11h 31m,08:00,3.5,INR 1374,32 Seats available
Delhi to Palampur,https://www.redbus.in/bus-tickets/delhi-to-palampur,HRTC - 565,Ordinary 3+2 Non AC Seater,21:05,10h 55m,08:00,3.8,INR 746,24 Seats available
Delhi to Palampur,https://www.redbus.in/bus-tickets/delhi-to-palampur,HRTC - 82,Himsuta AC Seater Volvo/Scania 2+2,21:55,11h 35m,09:30,4.6,INR 1412,21 Seats available
Delhi to Palampur,https://www.redbus.in/bus-tickets/delhi-to-palampur,HRTC - 575,A/C Executive (2+3),21:59,12h 36m,10:35,2.5,INR 915,41 Seats available
Delhi to Palampur,https://www.redbus.in/bus-tickets/delhi-to-palampur,Laxmi holidays,Scania Multi-Axle AC Semi Sleeper (2+2),19:00,11h 00m,06:00,4.6,569,9 Seats available
Delhi to Palampur,https://www.redbus.in/bus-tickets/delhi-to-palampur,Laxmi holidays,Volvo A/C Semi Sleeper (2+2),20:00,11h 00m,07:00,4.5,569,18 Seats available
Delhi to Palampur,https://www.redbus.in/bus-tickets/delhi-to-palampur,Bedi Travels,Volvo 9600 A/C Semi Sleeper (2+2),19:45,12h 00m,07:45,4.8,585,19 Seats available
Delhi to Palampur,https://www.redbus.in/bus-tickets/delhi-to-palampur,Bedi Travels,Volvo A/C Semi Sleeper (2+2),21:00,11h 15m,08:15,5.0,540,20 Seats available
Delhi to Palampur,https://www.redbus.in/bus-tickets/delhi-to-palampur,Ram Dalal Holidays,Volvo A/C Semi Sleeper (2+2),21:35,10h 05m,07:40,4.5,540,21 Seats available
Delhi to Palampur,https://www.redbus.in/bus-tickets/delhi-to-palampur,Ram Dalal Holidays,Volvo 9600 A/C Semi Sleeper (2+2),21:00,10h 00m,07:00,4.8,477,16 Seats available
Delhi to Palampur,https://www.redbus.in/bus-tickets/delhi-to-palampur,Ram Dalal Holidays,Volvo A/C Semi Sleeper (2+2),22:00,10h 05m,08:05,4.4,692,7 Seats available
Delhi to Palampur,https://www.redbus.in/bus-tickets/delhi-to-palampur,AdBharmani Travels,Volvo A/C Semi Sleeper (2+2),20:15,10h 45m,07:00,4.3,531,28 Seats available
Delhi to Palampur,https://www.redbus.in/bus-tickets/delhi-to-palampur,Bharmani Travels,Volvo A/C Semi Sleeper (2+2),19:40,11h 40m,07:20,4.3,548,35 Seats available
Delhi to Palampur,https://www.redbus.in/bus-tickets/delhi-to-palampur,New Himalaya Travels,Volvo A/C Semi Sleeper (2+2),19:30,11h 45m,07:15,4.5,INR 500,20 Seats available
Delhi to Palampur,https://www.redbus.in/bus-tickets/delhi-to-palampur,Laxmi holidays,Volvo A/C Semi Sleeper (2+2),21:00,11h 15m,08:15,4.5,569,8 Seats available
Delhi to Palampur,https://www.redbus.in/bus-tickets/delhi-to-palampur,Northern Travels,Volvo A/C Semi Sleeper (2+2),21:20,11h 15m,08:35,3.0,INR 550,28 Seats available
Delhi to Palampur,https://www.redbus.in/bus-tickets/delhi-to-palampur,Northern Travels,Volvo A/C Semi Sleeper (2+2),20:00,11h 30m,07:30,3.9,INR 549,21 Seats available
Bilaspur (Himachal Pradesh) to Delhi,https://www.redbus.in/bus-tickets/bilaspur-himachal-pradesh-to-delhi,HRTC - 700,Himsuta AC Seater Volvo/Scania 2+2,20:45,07h 45m,04:30,3.8,INR 913,24 Seats available
Bilaspur (Himachal Pradesh) to Delhi,https://www.redbus.in/bus-tickets/bilaspur-himachal-pradesh-to-delhi,HRTC - 750,A/C Executive (2+3),21:10,08h 50m,06:00,3.0,INR 594,42 Seats available
Bilaspur (Himachal Pradesh) to Delhi,https://www.redbus.in/bus-tickets/bilaspur-himachal-pradesh-to-delhi,HRTC - 78,Himsuta AC Seater Volvo/Scania 2+2,22:10,06h 50m,05:00,3.7,INR 913,14 Seats available
Bilaspur (Himachal Pradesh) to Delhi,https://www.redbus.in/bus-tickets/bilaspur-himachal-pradesh-to-delhi,IntrCity SmartBus,Volvo 9600 A/C Semi Sleeper (2+2),22:20,06h 55m,05:15,4.0,INR 869,4 Seats available
Bilaspur (Himachal Pradesh) to Delhi,https://www.redbus.in/bus-tickets/bilaspur-himachal-pradesh-to-delhi,,,,,,,,
Bilaspur (Himachal Pradesh) to Delhi,https://www.redbus.in/bus-tickets/bilaspur-himachal-pradesh-to-delhi,,,,,,,,
Bilaspur (Himachal Pradesh) to Delhi,https://www.redbus.in/bus-tickets/bilaspur-himachal-pradesh-to-delhi,,,,,,,,
Bilaspur (Himachal Pradesh) to Delhi,https://www.redbus.in/bus-tickets/bilaspur-himachal-pradesh-to-delhi,,,,,,,,
Manali to Delhi,https://www.redbus.in/bus-tickets/manali-to-delhi,HRTC - 759,Himsuta AC Seater Volvo/Scania 2+2,20:00,13h 00m,09:00,3.7,INR 1506,30 Seats available
Manali to Delhi,https://www.redbus.in/bus-tickets/manali-to-delhi,HRTC - 701,Ordinary 3+2 Non AC Seater,21:30,13h 00m,10:30,4.1,INR 845,23 Seats available
Manali to Delhi,https://www.redbus.in/bus-tickets/manali-to-delhi,Malana Travels,Volvo 9600 Multi Axle Semi-Sleeper (2+2),20:00,10h 00m,06:00,4.4,759,19 Seats available
Manali to Delhi,https://www.redbus.in/bus-tickets/manali-to-delhi,Laxmi holidays,,21:00,10h 00m,07:00,4.6,949,
Manali to Delhi,https://www.redbus.in/bus-tickets/manali-to-delhi,,,,,,,,
Manali to Delhi,https://www.redbus.in/bus-tickets/manali-to-delhi,,,,,,,,
Manali to Delhi,https://www.redbus.in/bus-tickets/manali-to-delhi,,,,,,,,
